label,text
negative,"Operating profit totaled EUR 3.8 mn , down from EUR 4.5 mn in the corresponding period in 2005 ."
negative,One of the challenges in the oil production in the North Sea is scale formation that can plug pipelines and halt production .
negative,Finnish insurance company Fennia and Kesko Group are ending their loyal customer cooperation .
negative,"Operating profit for the six-month period decreased from EUR21m , while net sales increased from EUR436 .9 m , as compared to the corresponding period in 2007 ."
negative,"The period-end cash and cash equivalents totaled EUR6 .5 m , compared to EUR10 .5 m in the previous year ."
negative,"In the Baltic countries , sales fell by 42.6 % ."
negative,A high court in Finland has fined seven local asphalt companies more than   lion ( $ 117 million ) for operating a cartel .
negative,Operating loss amounted to EUR 0.9 mn in the first half of 2006 compared to a profit of EUR 0.5 mn in the first half of 2005 .
negative,Glaston 's net profit for the third quarter of 2007 dropped to 2.4 mln euro ( $ 3.5 mln ) from 3.5 mln euro ( $ 5.1 mln ) for the corresponding period of 2006 .
negative,"However , the net sales declined to EUR 803.6 million from EUR 1.2 billion ."
negative,"Operating loss totalled EUR 0.9 mn , down from a profit of EUR 2.7 mn ."
negative,"Antti Orkola , president of Kemira GrowHow 's Industrial Solutions unit , told Thomson Financial News the company has put off opening the mine as prices of phosphate have been ` quite depressed for a long time ' . '"
negative,"Qualcomm estimated a first-quarter profit between 46 and 50 cents a share , excluding certain items , below the analyst estimate of 61 cents a share ."
negative,The Finnish daily Kauppalehti surmises that Finnish supplier Rautaruukki has raised its prices above Aker 's comfort zone .
negative,"According to Aktia Asset Management , Finnish analysts ' forecasts for 2009 are still too high ."
negative,Finnish sports equipment company Amer Sports said it has decided to lay off 370 workers from its Salomon division in France .
negative,"In Finland , media group Talentum will start personnel negotiations to cut staff in parent company Talentum and publishing unit Talentum media ."
negative,"The tightened competition situation in the production automation market has affected net sales during 2006 , Cencorp said ."
negative,"Kiosk and cinema operations have suffered , in particular ."
negative,"In January-November 2009 , the group 's sales totalled EUR 7,801.7 mn , which was a drop of 12.6 % from the same period of 2008 ."
negative,Salonen added that data shows producers ' pulp inventories in North America are declining . '
negative,"`` Adjustment to the fall in price level , in contrast , has been less effective ."
negative,Comparable operating profit decreased to EUR 13.8 mn from EUR 17.1 mn in the corresponding period in 2005 .
negative,Benefon 's target is to lay off temporarily of permanently up to 20 % of the Salo plant 's staff .
negative,"At 12.59 pm , the OMX Helsinki 25 index was 0.32 pct lower at 2,694.81 ."
negative,"Earnings per share ( EPS ) amounted to EUR1 .37 , down from EUR2 .30 ."
negative,"Biohit said that it will reduce the number of leased personnel by 10 , and lay off 10 of its own personnel ."
negative,"Finnish Kemira 's net sales EUR decreased to EUR 1,259.6 mn in January-June 2009 from EUR 1,425.1 mn in January-June 2008 ."
negative,The terms of the aforementioned funding are considerably below the Bank 's current CDS levels in the market and have a maturity ranging from 1 to 7.5 years .
negative,The company said that sales in the three months to the end of March slid to EUR86 .4 m US$ 113.4 m from EUR91 .2 m last year .
negative,"Profit before taxes was EUR 4.0 mn , down from EUR 4.9 mn ."
negative,Net sales decreased to EUR 220.5 mn from EUR 470.0 mn in the corresponding period in 2009 .
negative,Swedbank 's shares have been hardest hit of the Swedish banks by the ongoing international financial crisis .
negative,"Rapala VMC Corporation STOCK EXCHANGE RELEASE October 10 , 2008 at 11.45 am Kaupthing Bank Oyj ( `` Kapthing '' ) has informed Rapala VMC Corporation ( `` Rapala '' ) that it has interrupted the liquidity providing for Rapala 's share for the time being ."
negative,"Cuts equivalent to the costs of about 35-45 employees are the target , the company said ."
negative,"According to the company , staff will be laid off temporarily when necessary ."
negative,"In the building and home improvement trade , sales decreased by 6.3 % , totalling EUR 154.1 mn ."
negative,Pretax loss totaled EUR 117mn compared to a loss of EUR 65mn in the corresponding period .
negative,"HELSINKI Thomson Financial - Shares in Cargotec fell sharply in early afternoon trade after the cargo handling group posted a surprise drop in April-June profits , which overshadowed the large number of new orders received during the three months ."
negative,The company said that its comparable operating profit for the January-June period fell short of last year 's corresponding performance .
negative,Operating profit for continuing operations fell to EUR 48.3 mn from EUR 72.4 mn in the first half of 2007 .
negative,"Finnish software and hardware developer Elektrobit Oyj HEL : EBG1V , or EB , said today it will temporarily lay off up to 200 people for a maximum of 90 day in Finland , aiming to achieve cost savings of EUR 1.7 million USD 2m in the second half of 2010 ."
negative,"Finnish soapstone processing and fireplaces maker Tulikivi Oyj said on February 26 , 2007 it would cut less than 20 jobs from its fireplace sales organization , production facilities and its subsidiary Kermansavi Oy ."
negative,"Compared with the FTSE 100 index , which rose 36.7 points ( or 0.6 % ) on the day , this was a relative price change of -0.2 % ."
negative,Operating cash flow after investments totalled EUR 61.3 mn compared to EUR 75.3 mn in the corresponding period in 2007 .
negative,"ADP News - May 29 , 2009 - Bank of America BofA downgraded today its ratings on Swedish-Finnish paper maker Stora Enso Oyj HEL : STERV and on Finnish sector player UPM-Kymmene Oyj HEL : UPM1V to `` underperf"
negative,The Department Store Division 's sales fell by 8.6 % to EUR 140.2 mn .
negative,Ruukki Group calculates that it has lost EUR 4mn in the failed project .
negative,"Agricultural newspaper Maaseudun Tulevaisuus had 318,000 readers , representing a decrease of 6 % ."
negative,"Comparable operating profit for the quarter decreased from EUR510m while sales increased from EUR860m , as compared to the third quarter 2007 ."
negative,"Lassila & Tikanoja 's operating profit excluding non-recurring and imputed items for the second quarter was EUR11 .3 m , down from EUR13 .8 m a year ago ."
negative,"The international electronic industry company Elcoteq has laid off tens of employees from its Tallinn facility ; contrary to earlier layoffs the company contracted the ranks of its office workers , the daily Postimees reported ."
negative,"As part of the reorganisation measures that will take place in spring 2006 , Tamglass Finton will start personnel negotiations that will affect its entire staff of 33 ."
negative,"ADPnews - Sep 28 , 2009 - Finnish silicon wafers maker Okmetic Oyj HEL : OKM1V said it will reduce the number of its clerical workers by 22 worldwide as a result of personnel negotiations completed today ."
negative,"Operating profit totalled EUR 9.0 mn , down from EUR 9.7 mn in the first half of 2008 ."
negative,"The Baltimore Police and Fire Pension , which has about $ 1.5 billion , lost about $ 3.5 million in Madoff Ponzi scheme ."
negative,"The workforce will be reduced also in the Amsterdam office , in the Netherlands ."
negative,"The contracts of the employees , 96 of whom are blue-collar workers , will be ended between March and August 2011 ."
negative,Finnish waste management and cleaning group Lassila & Tikanoja Oyj ( L&T ) net profit went down to 32.2 mln euro ( $ 47.7 mln ) for 2007 from 35.3 mln euro ( $ 52.3 mln ) for 2006 .
negative,55 workers in +_m+_l will be affected by the close-down .
negative,"Production levels have been agreed with producers a long time ago , so a fall in consumption will lead to losses ."
negative,"In January-June 2010 , diluted loss per share stood at EUR0 .3 versus EUR0 .1 in the first half of 2009 ."
negative,RISING costs have forced packaging producer Huhtamaki to axe 90 jobs at its Hampshire manufacturing plant .
negative,Chief executive officer Olli-Pekka Kallasvuo 's changes on Tuesday mark the third time in nine months the company has reshuffled executives and operations as Nokia loses ground to Apple 's iPhone and RIM 's BlackBerry .
negative,Finnish-Swedish Stora Enso does not understand the decision issued by a federal judge in Brazil concerning Stora Enso 's associated pulp company Veracel .
negative,Finnish forest machinery manufacturer Ponsse has issued a profit warning .
negative,"In sales volume , Coca-Cola 's market share has decreased by 2.2 % to 24.2 % ."
negative,"Revenue was slightly down , at  x20ac 495 million $ 634 million , compared to  x20ac 497 million a year earlier ."
negative,"As a result of the negotiations , the company will terminate total 5 employment contracts ."
negative,"Operating margin , however , slipped to 14.4 % from 15.1 % , dragged down by a poor performance in enterprise solutions ."
negative,"The sale will result in a capital loss of EUR5m for Solidium , which obtained Tikkurila shares in March 2010 ."
negative,Nokia will certainly disagree with Qualcomm 's views on the patent situation .
negative,Stora Chief Executive Jouko Karvinen has described the Russian tariff hikes as a threat to the future of the forest products industry in Finland .
negative,"Salcomp Oyj , the Finnish maker of mobile phone chargers , Monday posted a EUR1 .49 million loss in the second quarter compared with a 1.70 million profit in the same period the previous year ."
negative,Device volume in the area decreased by 21 % to 2.7 mn units .
negative,The company slipped to an operating loss of EUR 2.6 million from a profit of EUR 1.3 million .
negative,"`` Uncommonly weak snow conditions in nearly every market have affected our first quarter result , '' Chief Executive Roger Talermo said ."
negative,"YIT lodged counter claims against Neste Oil totaling some EUR25m , primarily based on work carried out under the contract and additional costs incurred due to prolongation of the project ."
negative,"The dollar fell , though , against the pound and the yen ."
negative,"The one dark spot on the horizon , however , was the company 's performance in the Finnish bottled water market ."
negative,"( ADP News ) - Jan 27 , 2009 - Finnish industrial machinery company Vaahto Group Ltd Oyj ( HEL : WAT1S ) said today that its subsidiary Vaahto Ltd would cut 15 jobs in Finland ."
negative,"Comparable operating profit totaled EUR 4.7 mn , down from EUR 5.1 mn in the corresponding period in 2005 , representing 7.4 % of net sales ."
negative,Reported operating margin was a negative 5.9 % .
negative,"Operating profit before non-recurring items was EUR 8.3 mn in the first nine months of 2008 , compared to EUR 8.4 in the corresponding period in 2007 ."
negative,He said he has been losing five families a month to the economy as many make alternative arrangements to save money .
negative,Operating profit fell to EUR 20.3 mn from EUR 74.2 mn in the second quarter of 2008 .
negative,Operating profit excluding non-recurring items totaled EUR 5.4 mn compared to EUR 5.5 mn in the corresponding period in 2007 .
negative,"So far Norwegian Norske Skog has reduced the staff levels by 1,000 people and plans to reduce production by 200,000 tons in 2008 , while Finnish-Swedish Stora Enso is to cut staff by 1,700 people and production by 500,000 tons ."
negative,"The Estonian electronic components factory , Elcoteq , is running out of material because of the closure of air traffic ."
negative,Peer Peugeot fell 0.81 pct as its sales rose only 6.3 pct from the same period last year .
negative,Finland-based Stockmann Group has closed seven franchising sports stores Nike in Russia .
negative,"ADPnews - Aug 3 , 2009 - Finnish media group Ilkka-Yhtyma Oyj HEL : ILK2S said today its net profit fell 45 % on the year to EUR 5.9 million USD 8.4 m in the first half of 2009 ."
negative,The company said that the fall in turnover had been planned .
negative,"Due to market conditions , the company will also temporarily lay off about 3,200 people at different sites ."
negative,As a result of the negotiations the employment of 130 blue - and white-collar employees at the Oulu plant would be terminated .
negative,"Finnish Exel Composites , a technology company that designs , manufactures , and markets composite profiles and tubes for various industrial applications , reports its net sales decreased by 0.6 % in the second quarter of 2010 to EUR 19.2 mn from EUR 19.3 mn in the corresponding period in 2009 ."
negative,"The poorest index figure was given to Finnish power company Fortum , 4.5 ."
negative,LONDON MarketWatch -- Share prices ended lower in London Monday as a rebound in bank stocks failed to offset broader weakness for the FTSE 100 .
negative,The total number of filling stations has been on the decrease recently .
negative,Vaisala 's net profit for the third quarter of 2007 dropped to 3.0 mln euro ( $ 4.3 mln ) from 6.8 mln euro ( $ 9.8 mln ) for the same period of 2006 .
negative,Hobby Hall 's sales decrease 26 pct due to implementing a new information system that involved changing in the principal of posting sales .
negative,"The liquidity providing was interrupted on May 11 , 2007 when Aspocomp Group Oyj 's shares traded below 0.50 cent ( Aspocomp 's stock exchange release 11.5.2007 ) ."
negative,The acquisition of +_landsbanken Sverige in 2009 burdened the performance with EUR 3.0 mn .
negative,Full-year operating result for 2008 was 3.6 million negative .
negative,ArcelorMittal Chief Executive Officer Lakshmi Mittal has already cut output at some furnaces .
negative,"Managing Director 's comments : `` Net sales for the first quarter were notably lower than a year before , especially in Finland , Russia and the Baltic countries ."
negative,"Currently , the company foresees its pre-tax profit to remain below the 2009 level when it reached EUR 700,000 USD 934,000 , compared with previous projections of a slightly better pre-tax profit ."
negative,"Furthermore , sales of new passenger cars and light commercial vehicles in the country declined by 5.4 % year-on-year last month ."
negative,"The group 's operating loss was EUR 0.8 mn , down from a profit of EUR 2.5 mn in 2004 ."
negative,"`` The considerably weaker U.S. dollar and British pound had an impact on sales and average prices in euros , '' UPM said ."
negative,"( ADP News ) - Feb 4 , 2009 - Finnish broadband data communication systems and solutions company Teleste Oyj ( HEL : TLT1V ) said today its net profit decreased to EUR 5.5 million ( USD 7.2 m ) for 2008 from EUR 9.4 million for 200"
negative,"Profitability ( EBIT % ) was 13.6 % , compared to 14.3 % in Q2 2009 ."
negative,"At present , the trade mark Pit-Produkt is little-known outside the North-West of Russia ."
negative,SRV lowered its net sales estimate for the whole of 2008 due to uncertainties in housing sales .
negative,Diluted earnings per share ( EPS ) stood at EUR 0.25 versus EUR 0.42 .
negative,Possible personnel reductions concern approximately 104 people .
negative,"Many of the commercial vessels had got stuck in the narrow Bay of Bothnia , where the ice is thicker , and around the Aaland islands ."
negative,Finnish Bank of +_land reports its operating profit fell to EUR 4.9 mn in the third quarter of 2007 from EUR 5.6 mn in the third quarter of 2006 .
negative,"Since the association 's data do not cover sales figures from about 100 small local breweries and sales of imported beer products , the actual market shares of its members are smaller than those given in the report ."
negative,The number of salaried employees and group administration employees to be dismissed from the Sievi units is 17 .
negative,"Metso Foundries Jyvaskyla , Inc. will begin personnel negotiations on temporary lay-offs and personnel reductions in Jyvaskyla , Finland ."
negative,"Food sales totalled EUR 323.5 mn in October 2009 , representing a decrease of 5.5 % from October 2008 ."
negative,"However , the company saw its net profit for the third quarter down to EUR1 .4 m from EUR1 .5 m for the corresponding period of 2009 ."
negative,The total capital of funds managed by the bank decreased by 28 % to EUR 284mn by the end of September 2008 .
negative,"Pretax loss totaled EUR 1.2 mn , down from a profit of EUR 2.1 mn in 2004 ."
negative,"Finnish textiles and clothing group Marimekko Oyj posted a net profit of 7.99 mln euro $ 10.4 mln for 2006 , compared to 8.4 mln euro $ 10.9 mln for 2005 ."
negative,The personnel reductions will primarily affect those working for the parent company in the diagnostics business or in production and logistics in the liquid handling business .
negative,The situation of coated magazine printing paper will continue to be weak .
negative,Pretax profit decreased by 37 % to EUR 193.1 mn from EUR 305.6 mn .
negative,"External net sales from the printing business fell by 43.7 % , partly due to the termination of the printing contract between Ilkka-Yhtyma 's printing house I-print Oy and sector player HSS Media AB in December 2009 and the fall in printing prices ."
negative,"Several large stocks tacked lower , however ."
negative,"Operating profit for the three-month period decreased from EUR1 .65 m while net sales increased from EUR14 .6 m , as compared to the corresponding period in 2005 ."
negative,"The announcement pushed Freenet shares down 6.3 % , or EUR0 .71 , in Frankfurt trade to EUR10 .65 as investors gave up hope United Internet AG and Drillisch would pursue their own takeover and breakup of Freenet ."
negative,"Belarus OAO Lidskoe Pivo brewery , based in the Grodno Region , reported a 1.1 % decrease in output to 1.045 million decaliters in January-March 2010 , a representative in the administration of the company told ."
negative,"( ADPnews ) - May 4 , 2010 - Finnish cutlery and hand tools maker Fiskars Oyj Abp ( HEL : FISAS ) said today its net profit declined to EUR 12.9 million ( USD 17m ) in the first quarter of 2010 from EUR 17 million in the correspond"
negative,The move was triggered by weak demand for forestry equipment and the uncertain market situation .
negative,Revenue in the quarter fell 8 percent to ( EURO ) 2.4 billion compared to a year earlier .
negative,In addition the production personnel of the Sport Division have been given a temporary lay-off warning .
negative,"We have also cut our price projections for paper and packaging , '' an analyst with Goldman Sachs said on a note on Monday ."
negative,"Finnish electronics contract manufacturer Scanfil had net sales of EUR 52.2 mn in the first quarter of 2007 , down from EUR 60.1 mn a year before ."
negative,"Finnish Scanfil , a contract manufacturer and systems supplier for communication and industrial electronics reports net sales of EUR 108.7 mn in the first half of 2008 , down from EUR 111.1 mn a year earlier ."
negative,"ADPnews - Feb 5 , 2010 - Finnish real estate investor Sponda Oyj HEL : SDA1V said today that it slipped to a net loss of EUR 81.5 million USD 11.8 m in 2009 from a profit of EUR 29.3 million in 2008 ."
negative,And U.S. energy executives say high steel prices are threatening energy exploration .
negative,"Raute reported a loss per share of EUR0 .86 for the first half of 2009 , against EPS of EUR0 .74 in the corresponding period of 2008 ."
negative,"`` Small firms are suffering at the moment because they are likely to have money trouble , '' he added ."
negative,More than a third of the original participants dropped out due to nausea and other side effects .
negative,Elisa CEO Sami Seppanen said EMT 's slogan `` Best coverage across Estonia '' clearly gives misleading information to consumers .
negative,"Net sales of Kyro 's main business area , Glaston Technologies , a manufacturer of glass processing machines , decreased to EUR 161.5 mn from EUR 164.1 mn in January-September 2005 ."
negative,"Shares in Royal and Sun Alliance continued to slide back from a 12-month high of 172p last month , after a potential suitor ruled itself out of a takeover bid ."
negative,"Finnair 's Tallinn-based subsidiary , Aero AS , carried 23,335 passengers , a decline of 60.8 % , on routes between Helsinki and the Baltic capitals and within Southern Finland ."
negative,stores 16 March 2010 - Finnish stationery and gift retailer Tiimari HEL : TII1V said yesterday that it will cut a total of 28 jobs in its units Tiimari Retail Ltd and Gallerix Finland Ltd as a result of the closure of shops .
negative,Operating profit was EUR 1.6 mn in 2005 compared to EUR 5.9 mn in 2004 .
negative,GSK announced in November 2008 that it would close its operations in Dartford .
negative,Pretax profit totaled EUR 4.9 mn compared to EUR 5.2 mn in the first quarter of 2005 .
negative,down to EUR5 .9 m H1 '09 3 August 2009 - Finnish media group Ilkka-Yhtyma Oyj ( HEL : ILK2S ) said today its net profit fell 45 % on the year to EUR5 .9 m in the first half of 2009 .
negative,Loss for the period totalled EUR 15.6 mn compared to a profit of EUR 6.3 mn in 2008 .
negative,Operating profit in the fourth quarter went down to EUR3m from EUR4 .2 m for the corresponding period of 2009 as it included costs of growth projects .
negative,"In Finland , Sampo Bank , now part of the Danske Bank group , will lay off staff from the administrative and support functions ."
negative,As a result of these negotiations the company has decided to make 45 people redundant on financial and production grounds .
negative,The company confirmed its estimate for lower revenue for the whole 2009 than the year-ago EUR 93.9 million USD 137.3 m as given in the interim report on August 5 .
negative,"The OMX Helsinki index was down 0.34 pct at 8,256.02 on turnover of 813.191 mln eur ."
negative,"The airline estimated that the cancellation of its flights due to the closure of European airspace , and the process of recommencing traffic , have caused a the company a loss of EUR20m , including the costs of stranded passengers ' accommodation ."
negative,"In Q1 of 2009 , the company 's result before taxes from continuing operations , excluding non-recurring items , totalled EUR -0.4 mn , compared to EUR -0.1 mn in the corresponding period in 2008 ."
negative,Operating profit decreased to EUR 11.2 mn from EUR 16.6 mn .
negative,"Operating profit for the nine-month period decreased from EUR19 .9 m while net sales increased from EUR155 .7 m , as compared to the corresponding period in 2007 ."
negative,Expense ratio was 102.6 % compared to 92.9 % in the corresponding period in 2005 .
negative,"Seven-month sales of Ragutis , which is controlled by the Finnish brewery Olvi , declined by 11.2 percent , to 15.41 million liters , and the company held 9.89 percent of the market ."
negative,"Making matters more difficult , the company said it has been grappling with higher oil and gas prices , which have pushed up the cost of energy , raw materials and transportation ."
negative,The company decided at the end of 2008 to temporarily shut down its ammonia plant in Billingham and extend the maintenance period at its Ince facility .
negative,"In addition , the company will reduce a maximum of ten jobs ."
negative,Operating profit fell to EUR 6.2 mn from EUR 8.5 mn in the third quarter of 2007 .
negative,Scanfil has also issued a profit warning .
negative,It is the most awkward thing to use if you 're holding the phone with one hand .
negative,"Dealers said the share was largely hit by investor disappointment about a refining margin of just 9.48 usd per barrel for the quarter and the performance of its shipping unit , which saw EBIT drop to 5 mln eur from 20 mln eur a year amid a fall in volumes and tanker rates ."
negative,Earnings per share ( EPS ) amounted to a loss of to EUR0 .06 .
negative,"The period 's sales dropped to EUR30 .6 m from EUR38 .3 m , according to the interim report , released today ."
negative,"ADP News - Feb 13 , 2009 - Finnish retailer Kesko Oyj HEL : KESBV said today its total sales , excluding value added tax VAT , stood at EUR 661.3 million USD 853.1 m in January 2009 , down 15.2 % year-on-yea"
negative,"`` We can say that the number of deals has become normalized by the moment , and therefore we have decided to devalue our apartments now on sale , '' he added ."
negative,"Earnings per share ( EPS ) in the first half of 2007 amounted to EUR0 .29 , down from EUR0 .40 year ago ."
negative,"In food trade , sales amounted to EUR320 .1 m , a decline of 1.1 % ."
negative,"The fair value change of investment properties was EUR 15.8 mn , compared to EUR 22.9 mn in the third quarter of 2009 ."
negative,"In Finland , the city of Forssa has said it will not pay compensation to food industry companies HK Ruokatalo and Atria for the lye leak into tap water that occurred in March 2008 ."
negative,"Operating profit , excluding non-recurring items , totaled EUR 0.2 mn , down from EUR 0.8 mn in the corresponding period in 2006 ."
negative,The company 's previous estimate was for a lower revenue than the year-ago EUR 93.9 million .
negative,Market share decreased on the route between Helsinki in Finland and Tallinn in Estonia by 0.1 percentage points to 24.8 % .
negative,"At the moment , Valio is not worried , but if the ban continues for long , it may become quite a problem ."
negative,"Finnish Food Workers ' Union SEL plans to hasten its collective bargaining with a two-day strike that would begin on 7 April 2010 , in Finland ."
negative,"Changes in the market situation and tougher price competition have substantially reduced demand for bread packaging manufactured at the Kauhava plant , according to the company ."
negative,"At 10.33 am , Huhtamaki was the market 's biggest faller , 8.69 pct lower at 11.35 eur , while the OMX Helsinki 25 was 0.32 pct higher at 3,332.41 , and the OMX Helsinki was up 0.47 pct at 11,687.32 ."
negative,"Finnish plumbing and heating systems supplier Uponor 's net sales in continuing business operations decreased to EUR 249.1 mn in July-September 2008 , compared to EUR 262.1 mn in the third quarter of 2007 ."
negative,Aspocomp has a large factory in China and a factory building project in India that was halted due to financing problems .
negative,"`` However , the rapidly increasing costs and the strengthening of the euro were challenging for the whole industry , and they impacted on our results . ''"
negative,L&T 's net profit for the whole 2010 dropped to EUR 36 million from EUR 45 million for 2009 .
negative,in Finland Finnish pharmaceutical company Orion Corporation OMX Helsinki : ORNAV said on Wednesday 7 January that it has concluded its personnel negotiations in Finland and will reduce the number of personnel by 205 .
negative,"Finnish Scanfil , a systems supplier and contract manufacturer to the communications sector and the electronics industry , reports its net sales totalled EUR 94.7 mn in the first half of 2010 , down from EUR 99.5 mn in the first half of 2009 ."
negative,"Nordic banks have already had to write off sizable loans in Latvia , with Swedbank , Nordea , DnB NOR and SEB reporting combined losses in excess of $ 1.35 billion in the period 2007 to 2010 against a backdrop of near economic meltdown in Latvia ."
negative,"`` We cut our frequency to New York last year , which explains the fall , '' he said ."
negative,"More than 14,000 customers were left powerless ."
negative,"Finnish Scanfil , a systems supplier and contract manufacturer to the communications sector and the electronics industry , reports net sales of EUR 49.6 mn in the first quarter of 2009 , which are only a per cent smaller than in the corresponding period in 2008 ."
negative,"Operating profit margin was 8.3 % , compared to 11.8 % a year earlier ."
negative,"Nokia 's share price fell less than one percent to 18.70 euros ( $ 25.41 ) in Helsinki , while Siemens shares fell 1.02 percent to 90.19 euros ( $ 122.57 ) in Frankfurt ."
negative,"Net sales of the Paper segment decreased to EUR 221.6 mn in the second quarter of 2009 from EUR 241.1 mn in the second quarter of 2008 , while operating profit excluding non-recurring items rose to EUR 8.0 mn from EUR 7.6 mn ."
negative,"At 1.33 pm , the OMX Helsinki 25 was 0.30 pct lower at 2,463.67 and the OMX Helsinki was down 0.37 pct at 8,537.42 on volume of 256 mln eur ."
negative,"However , the growth margin slowed down due to the financial crisis ."
negative,Finnish business software group AffectoGenimap Oyj said its net profit halved to 1.2 mln euro ( $ 1.5 mln ) in the first nine months of 2006 from 2.2 mln euro ( $ 2.8 mln ) in the same period of 2005 .
negative,"Operating loss totalled EUR 5.2 mn , compared to a loss of EUR 3.4 mn in the corresponding period in 2008-2009 ."
negative,"Group EBIT for the first half was EUR13 .6 m US$ 17.8 m , falling short of the EUR22 .5 m it posted for the same period of 2009 ."
negative,Finnish plumbing and heating systems supplier Uponor is temporarily laying off its whole workforce in Finland for two weeks as of mid-July 2009 .
negative,"However , the orders received during the period under review fell by 17 % quarter-on-quarter from the EUR 213 million recorded in the second quarter of 2010 ."
negative,"After Chuck Smith was laid off on May 30 from his $ 90,000 housing consultant job , he and his wife had to cut spending in half for their family of six , having to rely on his wife 's income -- about the same as his -- alone ."
negative,"Most of the permanent layoffs will be in the plywood and sawn timber sectors of the Finnish company 's operations at several domestic mills , where earlier this year it temporarily laid off some 1,200 workers to save costs ."
negative,"Outokumpu 's steel mill in Tornio , in Finland , is the suspected source ."
negative,- The Group - s result before taxes was EUR -1.9 ( -3.0 ) million .
negative,Finnish Bank of +_land +_landsbanken has issued a profit warning .
negative,"The largest restructuring is planned for Italy , where negotiations on about 40 job cuts are to be initiated today , the company noted ."
negative,"Finnish electronics contract manufacturer Scanfil reports net sales of EUR 58.9 mn in the second quarter of 2007 , down from EUR 62.4 mn a year earlier ."
negative,"Due to the rapid decrease in net sales , personnel reductions have been carried out on a wider scale than initially expected ."
negative,The repurchases shall decrease the distributable capital and reserves .
negative,"Samsung currently occupies third place and lost ground during the quarter , dropping by 1.8 % to an 11.1 % share overall ."
negative,"In a separate announcement to the Helsinki stock exchange , Atria revealed that the company 's third quarter profits declined from EUR13 .9 m in the third quarter of last year to EUR12 .7 m in this year 's Q3 ."
negative,Stora Enso 's target has been cut to EUR 4.85 from EUR 5.55 and Holmen 's target -- to SEK 135 from SEK 150 .
negative,"All the ferries had run into trouble just outside the Stockholm archipelago , made up of more than 20,000 islands ."
negative,Finnish retail software developer Aldata Solution Oyj reported a net loss of 11.7 mln euro $ 17.2 mln for 2007 versus a net profit of 2.5 mln euro $ 3.7 mln for 2006 .
negative,Finnish forest industry group Stora Enso Oyj issued on Thursday ( 20 March ) a profit warning for the first quarter 2008 .
negative,This is bad news for the barbeque season .
negative,Finnish industrial group Ruukki Group has brought counter action against Finnish metal company Rautaruukki in the dispute concerning the names of the companies .
negative,17 March 2011 - Goldman Sachs estimates that there are negative prospects for the Norwegian mobile operations of Norway 's Telenor ASA OSL : TEL and Sweden 's TeliaSonera AB STO : TLSN in the short term .
negative,The low capacity utilisation rate in steel production considerably increases the fixed costs per unit of steel produced .
negative,"Operating profit for the 12-month period decreased from EUR5 .4 m while net sales increased from EUR62 .0 m , as compared to the financial year 2004 ."
negative,"ADP News - Apr 22 , 2009 - Finnish business information systems developer Solteq Oyj HEL : STQ1V said today its net loss widened to EUR 189,000 USD 245,000 for the first quarter of 2009 from EUR 10,000 for the same peri"
negative,The number of bodily injury cases quadrupled in 2000-2006 .
negative,"The personnel reduction will be carried out in Anjalankoski , Hollola , Jyvaskyla , Jarvenpaa , Karhula , Turku and Valkeakoski units ."
negative,"When the web user clicks on the link contained in the mail , he finds himself on a bogus site that imitates that of his bank , and which retrieves his personal banking data ."
negative,"Finnish Vaahto Group that provides paper-making technology and process machinery is starting negotiations concerning the temporary lay-offs of all 140 employees at the company 's plants in Hollola and Tampere , in Finland ."
negative,"The company plans to close two of the three lines at the plant , where some 450 jobs are under threat ."
negative,Net sales fell by 5 % from the previous accounting period .
negative,"The steelmaker said that the drop in profit was explained by the continuing economic uncertainty , mixed with the current drought in bank lending , resulting in a decline in demand for its products as customers find it increasingly difficult to fund operations ."
negative,Subscription sales decreased slightly .
negative,"At this growth rate , paying off the national debt will be extremely painful ."
negative,"In September alone , the market declined by 10.2 percent year-on-year to 19.28 million liters ."
negative,Cramo slipped to a pretax loss of EUR 6.7 million from a pretax profit of EUR 58.9 million .
negative,"Stora Enso Oyj , the largest papermaker , in October said it would close four mills ."
negative,"The company 's profit totaled Ls 578,100 in H1 2007 , down 30.9 % year-on-year ."
negative,"In January-August 2009 , imports by sea in container , lorry , and trailer units fell by 27.7 % and exports by 28.6 % from the corresponding period in 2008 ."
negative,Prices and delivery volumes of broadband products decreased significantly in 2005 .
negative,In February the Elcoteq group sold its St Petersburg facility ; according to unconfirmed information the reason could have been supply problems because of the Russian customs service .
negative,"According to Finnish petrol station chain St1 's managing director Kim Wiio , the company was forced to make purchases with rising prices in the first half of 2008 , and now consumer prices are going down almost daily due to competition ."
negative,The net sales decreased to EUR 49.8 million from EUR 59.9 million .
negative,Finnish airline Finnair is starting the temporary layoffs of cabin crews in February 2010 .
negative,"The operating loss amounted to EUR 0.8 mn , compared to a profit of EUR 3.9 mn a year earlier ."
negative,"Last year , 8.3 million passengers flew the airline , down 4 percent from 2007 ."
negative,"According to CEO Matti Perkonoja of the parent company HKScan , the company 's performance in the first quarter of 2010 has remained clearly below the level of the corresponding period in 2009 ."
negative,"As capacity was cut with 1.4 % , the passenger load factor was down 7.8 percentage points ."
negative,"Last year , UPM cut production , closed mills in Finland and slashed 700 jobs ."
negative,Asian traffic declined by 3.4 per cent .
negative,"Cash flow after investments amounted to EUR45m , down from EUR46m ."
negative,"Operating profit was EUR -0.1 mn , down from EUR 1.3 mn ."
negative,F-Secure also point out the logical weakness in the sequenced numbers of a card approach that has apparently already been utilised .
negative,"TeliaSonera 's underlying results however included 457 mln skr in positive one-offs , hence the adjusted underlying EBITDA actually amounts to 7.309 bln skr , clearly below expectations , analysts said ."
negative,"Finnish IT solutions provider Affecto Oyj HEL : AFE1V said today its slipped to a net loss of EUR 115,000 USD 152,000 in the second quarter of 2010 from a profit of EUR 845,000 in the corresponding period a year earlier ."
negative,"However , this increases signaling traffic which wastes network resources and allows fewer smartphones to connect ."
negative,"- The Group 's sales during the period were EUR 37.5 million ( EUR 48.2 million , 1-9/2008 ) and result before taxes was a loss of EUR -3.5 ( +1.2 ) million ."
negative,"Finnair 's passenger load factor , which measures the number of sold seats as a share of all available seats , dropped by 1.3 percentage points to 76.7 % in September ."
negative,"Divisional sales demand in the half remained `` inconsistent '' , it added ."
negative,Kone said in court papers that the union action delayed repairs to elevators at the federal courthouse on Jan. 21 and the Saltonstall state office building on Jan. 23 .
negative,Cash Flow from Operations for the most recent quarter also reached a eight year low .
negative,"( ADP News ) - Jan 22 , 2009 - Finnish mobile phones maker Nokia Oyj ( OMX : NOK1V ) said today its operating profit decreased to EUR 5 billion ( USD 6.5 bn ) for 2008 from EUR 8 billion for 2007 ."
negative,"National Conciliator Juhani Salonius , who met both parties on Wednesday , said they were too far apart in their views for him to propose mediation ."
negative,The current lay-offs are additional to the temporary lay-offs agreed in December 2008 and in May 2009 .
negative,"In a media advisory , the NTSB said that after subsequent testing , `` the train detection system intermittently failed . ''"
negative,As a result some 20 persons will no longer be needed .
negative,Operating profit in the fourth quarter fell to EUR33m from EUR39m a year earlier .
negative,"In Finland , metal sector company Componenta is laying off temporarily the staff of its Pori mill from Christmas 2008 till 6 January 2009 ."
negative,- Net sales for the period are expected to fall well below that of last year and the result after non-recurring items is expected to be in the red .
negative,"Net cash from operating activities was a negative EUR 0.3 mn , compared to EUR 30.9 mn in 2009 ."
negative,The total need for staff cuts corresponds to about 300 man-years .
negative,Operating loss increased to EUR 17mn from a loss of EUR 10.8 mn in 2005 .
negative,"As a result of these transactions , the aggregate holdings of Burrill Life Sciences Capital Fund , L.P. has decreased below 5 per cent of the total number of shares and votes of the Company ."
negative,Return on capital employed ROCE was a negative 2.3 % compared to 11.3 % in 2007 .
negative,"( ADPnews ) - Oct 21 , 2009 - Finland-based IT consultancy Tieto Oyj ( HEL : TIE1V ) said today its net profit plunged to EUR 29.4 million ( USD 43.9 m ) for the first nine months of 2009 from EUR 58.7 million for the same period o"
negative,"TietoEnator was down 1.13 pct to 18.38 , extending recent lows after last week 's second-quarter report , dealers said ."
negative,The measures result from weak demand in the shipbuilding industry .
negative,Operating profit excluding non-recurring items was EUR 7.8 million compared to EUR 11.2 million .
negative,"Myllykoski , with one paper plant in Finland , one in the US and three in Germany , had revenues of EUR286m in the first half of 2010 and an operating loss of EUR12m , Reuters said ."
negative,The stock was hit by the profit warning of Finnish rival Rautaruukki Oyj ( OMX : RTRKS ) .
negative,Sales by Seppala diminished by 6 per cent .
negative,"The company 's annual loss amounted to EEK 18mn , compared to a profit of EEK 7.3 mn in 2008 ."
negative,"As a result of the negotiations , the amount of employment contracts to be terminated is 13 ."
negative,"The total headcount reduction will be 50 persons , the company said ."
negative,The reduction notice applied to 17 people .
negative,"IT services firm TietoEnator was bucking the general trend , holding flat at 22.70 eur , after slipping back from earlier gains ."
negative,"- Demand for fireplace products was lower than expected , especially in Germany ."
negative,Export declined by 6 percent to 16.4 million liters .
negative,Finnish developer and manufacturer of mobile phone chargers Salcomp Plc OMX Helsinki : SAL1V on Wednesday 19 November lowered its full-year net sales estimate .
negative,Earnings per share ( EPS ) amounted to a loss of EUR0 .05 .
negative,The recent troubles simply make NETeller cheaper .
negative,"20 October 2010 - Finnish environmental management company Lassila & Tikanoja Oyj HEL : LAT1V , or L&T , said Monday it expects its operating profit , excluding non-recurring items , for the whole 2010 to be slightly lower than in 2009 ."
negative,"Copper , lead and nickel also dropped ... HBOS ( HBOS ) plummeted 20 % to 70.3 pence after saying this year+ ??"
negative,"Operating loss totalled EUR 0.3 mn , down from a profit of EUR 5.1 mn in the first half of 2009 ."
negative,Net profit fell by almost half to +â 5.5 million from +â 9.4 million at the end of 2007 .
negative,Rivals say Qualcomm has fewer patents on 3G phones than on earlier versions and should lower its rates .
negative,"Initially , the company said a maximum of 15 people would be made redundant in the parent company and about 15 in its subsidiaries ."
negative,Sales at the unit slumped last year after the industry was hit by poor snowfall in the major resorts in the winter of 2006-07 .
negative,Finnish media company Talentum Oyj 's net profit decreased to 2.5 mln euro ( $ 4.0 mln ) for the first quarter of 2008 from 3.0 mln euro ( $ 4.7 mln ) for the same period of 2007 .
negative,"JP Morgan expects that Scala will lower Nobel Biocare 's growth forecast for 2007 from the current guidance of 23-25 pct , as well as the operating margin target from the current 34-35 pct ."
negative,"2009 3 February 2010 - Finland-based steel maker Rautaruukki Oyj ( HEL : RTRKS ) , or Ruukki , said today it slipped to a larger-than-expected pretax loss of EUR46m in the fourth quarter of 2009 from a year-earlier profit of EUR45m ."
negative,"At 1411 CET , ArcelorMittal had lost 7.26 % to EUR 17.38 on Euronext Paris , coming at the lead of the blue-chip fallers ."
negative,Okmetic expects its net sales for the first half of 2009 to be less than in 2008 .
negative,EPS dropped to EUR0 .2 from EUR0 .3 .
negative,"Temporary lay-offs , affecting the entire workforce , will also be implemented ."
negative,"In Q2 of 2009 , profit before taxes amounted to EUR 13.6 mn , down from EUR 26.8 mn in Q2 of 2008 ."
negative,"The OMX Helsinki 25 ended 0.47 pct lower at 3,150.55 and the OMX Helsinki was down 0.21 pct at 10,736.42 on 1.523 bln eur turnover ."
negative,EMSA Deputy Chairman of the Board Juri Lember told BNS on Wednesday that this was the first time he heard about the strike as the Swedish side had not informed the Estonian union yet .
negative,"Vanhanen said the strike would be `` extremely damaging '' as some 1,300 participants and reporters begin to arrive in Finland for the one-day EU summit with Russian President Vladimir Putin in Lahti , about 100 kilometers ( 60 miles ) north of Helsinki ."
negative,The fair value of the company 's investment properties went down to EUR2 .769 bn at the end of September 2009 from EUR2 .878 bn a year earlier .
negative,"The company 's profit before taxes fell to EUR 21.1 mn in the third quarter of 2008 , compared to EUR 35.8 mn in the corresponding period in 2007 ."
negative,"Tornio Works employs 2,300 of whom more than 1,800 have been in the scope of the fixed-period or part-time temporary layoffs in April-October period ."
negative,"Budapest , August 10 MTI - Finnish electronics maker Elcoteq will lay off 700 workers at its plants in Pecs S Hungary at the end of September because of falling orders , communications director for Elcoteq 's local unit , Zoltan Krippl told MTI on Monday ."
negative,Diluted earnings per share ( EPS ) declined to EUR 0.78 from EUR 1.76 .
negative,"The prosecutor is also demanding Outokumpu pay a fine of EUR 800,000 at most ."
negative,Earnings per share ( EPS ) amounted to a loss of EUR0 .38 .
negative,"Operating profit excluding non-recurring items decreased to EUR 6.2 mn from EUR 16.8 mn in 2007 , representing 2.3 % of net sales ."
negative,"On top of that , the US Commerce Department published worse-than-expected construction spending figures for November ."
negative,"As a result , the company will temporarily lay-off 25 % of the whole personnel , approximately 270 persons at Kirkkonummi and Nivala factories ."
negative,HELSINKI ( AFX ) - KCI Konecranes said that Franklin Resources Inc 's share of voting rights in the Finnish cranes company fell last week to 4.65 pct from more than 9 pct in October 2005 .
negative,"Exports of goods fell by 59 % , and imports by 16.7 % ."
negative,Scanfil will execute the temporary lay-offs by mid-October 2009 and the job cuts by March 2010 .
negative,The operating margin came down to 2.4 % from 5.7 % .
negative,"Revenue for the quarter totaled 27.4 billion , down 2 percent from 28.1 billion in the fourth quarter in 2008 ."
negative,The net sales of the whole fiscal year 2008 will be lower than in 2007 and operating profit is estimated to be negative .
negative,"In the first half of 2008 , the Bank 's operating profit fell to EUR 11.8 mn from EUR 18.9 mn , while net interest income increased to EUR 20.9 mn from EUR 18.8 mn in the first half of 2007 ."
negative,"The staff reduction will start immediately , Glaston added ."
negative,Earnings per share ( EPS ) dropped to EUR 0.21 from EUR 0.31 .
negative,The company initially estimated that it would cut up to 30 jobs .
negative,"YIT 's Baltic sales in the first three quarters of 2008 totaled 106.2 million euros , representing a drop of 29 percent year on year ."
negative,Profit before taxes decreased to EUR 31.6 mn from EUR 50.0 mn the year before .
negative,Altogether Finnair has canceled over 500 flights because of the strike .
negative,"Insurer Axa ( PAR : CS ) slid by 5.35 % to EUR 14.15 , after Citigroup and ING slashed their targets on the stock ."
negative,"ADPnews - Jul 17 , 2009 - Finland-based steel maker Rautaruukki Oyj Ruukki HEL : RTRKS said today it slipped to a net loss of EUR 184 million USD 259.7 m for the first half of 2009 from a net profit of EUR 2"
negative,Finnair said that the cancellation of flights would cause daily losses of  x20ac 2.5 million US$ 3 million .
negative,"Result before taxes decreased to nearly EUR 14.5 mn , compared to nearly EUR 20mn in the previous accounting period ."
negative,"Finnish Suominen Corporation that makes wet wipes , nonwovens , and flexible packaging is starting employer-employee negotiations at its Tampere plant in Finland to lay off about 25 employees ."
negative,Kone shares dropped 4.1 percent to  x20ac 43 US$ 55.77 in Helsinki .
negative,Finnish media group Talentum has issued a profit warning .
negative,"Finnish shipping company Finnlines ' pretax loss totalled EUR 6.5 mn in the third quarter of 2009 , compared to a profit of EUR 0.3 mn in the third quarter of 2008 ."
negative,Finnlines estimated in its annual general meeting that 2008 will be financially a tough year due to large investments .
negative,"Nokia shares hit 13.21 euros on Friday , down 50 percent from the start of the year in part because of the slow introduction of touch-screen models ."
negative,The dismissed staff members will now take the matter to court unless it can be settled outside .
negative,Net sales fell by 33 % from the third quarter of 2008 to EUR 130.5 mn .
negative,"Operating profit totalled EUR 1.22 mn , down from EUR 3.56 mn in the first quarter of 2008 ."
negative,"In 2009 , Comptel slipped to a net loss of EUR2 .1 m from a profit of EUR6 .6 m in the previous year ."
negative,"Publishing Sweden 's operating loss was EUR 1.1 mn in Q1 of 2009 , compared to a profit of EUR 0.6 mn a year ago ."
negative,Applying for summer work is seen as laborious and stressful .
negative,"Operating loss of the Pulp & Paper Machinery unit was over EUR 3mn in September 2007 - August 2008 , compared to a profit of EUR 3.7 mn a year earlier ."
negative,"SSH COMMUNICATIONS SECURITY CORP STOCK EXCHANGE RELEASE OCTOBER 14 , 2008 AT 2:45 PM The Company updates its full year outlook and estimates its results to remain at loss for the full year ."
negative,"Finnish plumbing and heating systems supplier Uponor 's net sales from continuing operations decreased by 9.4 % in 2008 to EUR 949.2 mn from EUR 1,047.4 mn in 2007 ."
negative,"Paper companies were in negative territories , with Stora Enso R shedding 1.62 pct to 12.73 eur , UPM-Kymmene down 0.80 pct at 18.64 eur and M-real B 0.18 pct lower at 5.57 eur ."
negative,Cash flow from operations in January-December 2008 was a negative EUR 18.1 mn compared to EUR 39.0 mn in the corresponding period in 2007 .
negative,"However , the company saw its net profit for the third quarter down to EUR 1.4 million from EUR 1.5 million for the corresponding period of 2009 ."
negative,EB announced in its stock exchange release on November 18th 2008 that J.T. Bergqvist has resigned from the chairmanship and membership of the Board of EB .
negative,A tinyurl link takes users to a scamming site promising that users can earn thousands of dollars by becoming a Google ( NASDAQ : GOOG ) Cash advertiser .
negative,Net sales decreased to EUR 91.6 mn from EUR 109mn in the corresponding period in 2005 .
negative,The lay-offs will affect 240 people out of the total 320 Okmetic employees in Finland .
negative,"Operating profit , excluding non-recurring items , totalled EUR 1.0 mn , down from EUR 1.6 mn ."
negative,"`` The implementation of these programs has had , and will have , negative impacts on 2006 and 2007 earnings , '' Mr Meiklejohn said ."
negative,"The decision means temporary lay-offs of fixed duration at the company 's Nastola and Jyvaskyla units , in southern and central Finland , respectively ."
negative,They are also upset that some of the machinery and work is taken over to Poland .
negative,"Finnish GeoSentric 's net sales decreased to EUR 939,000 in January-March 2009 ."
negative,"The OMX Helsinki index was 0.33 pct lower at 9,364.80 , while the OMX Helsinki CAP portfolio index was down 0.34 pct at 5,029.25 ."
negative,Operating loss totaled EUR 0.3 mn compared to a profit of EUR 2.2 mn in the corresponding period in 2007 .
negative,"In the Baltic states the company reports net sales of EUR 11.9 mn , down from EUR 14.2 mn , and an operative EBIT of EUR -2.2 mn , down from EUR -1.7 mn ."
negative,Incap Furniture is presently negotiating staff cuts .
negative,"Commission income decreased to EUR 3.8 mn , compared to EUR 4.6 mn in the third quarter of 2007 ."
negative,Bosse added that Trygvesta does not have the financial strength to acquire the entire unit .
negative,The production is to be liquidated before June 2009 and 325 employees loose their jobs .
negative,"In Finland , snow storms brought trees down on power lines , cutting off electricity for some 2,000 households ."
negative,Earnings per share EPS in 2005 decreased to EUR0 .66 from EUR1 .15 in 2004 .
negative,"Dolce & Gabbana has asked the European Union to declare Marimekko Corporation 's `` Unikko '' floral pattern trademark invalid , in a continuing dispute between the two companies ."
negative,The fair value of the company 's investment properties went down to EUR 2.768 billion at the end of 2009 from EUR 2.916 billion a year earlier .
negative,Finnish laboratory liquid handling and diagnostic test systems developer Biohit Oyj OMX Helsinki : BIOBV issued on Tuesday 3 June a profit warning for the financial year 2008 .
negative,Sanoma News ' advertising sales decreased by 22 % during the year .
negative,"Tallink Silja attributes the significant drop to problems with the booking system that was taken into operation in October , the sale of trailer ferry ` Sky Wind ' and the route between Stockholm and Riga , which has won passengers from the Helsinki-Stockholm route ."
negative,Operating loss totaled EUR 25mn compared to a profit of EUR 63mn in the corresponding period in 2005 .
negative,"According to Arokarhu , some of the purchases that had been scanned into the cash register computer disappeared when the total sum key was pressed ."
negative,"( ADPnews ) - Dec 1 , 2009 - Finnish cutlery and hand tools maker Fiskars Oyj Abp ( HEL : FISAS ) said today that it will make redundant a total of 18 office and management staff members of its subsidiary Iittala Group Ltd. ."
negative,"In Finland 's Hobby Hall 's sales decreased by 10 % , and international sales fell by 19 % ."
negative,"Operating profit totalled EUR 9.6 mn , down from EUR 42.0 mn the year before ."
negative,Scanfil issued a profit warning on 10 April 2006 .
negative,"The payment of 2.779 million litas in interest on a long-term loan provided by Ragutis ' majority shareholder , Estonia 's A. Le Coq , also added to the losses ."
negative,"Finnish financial software solutions developer BasWare Oyj said its net profit fell to 884,000 euro ( $ 1.2 mln ) for the first quarter of 2007 from 2.0 mln euro ( $ 2.7 mln ) a year earlier ."
negative,23 April 2010 - Finnish construction and engineering company Outotec Oyj HEL : OTE1V said today it slipped to a net loss of EUR7 .3 m in the first quarter of 2010 from a net profit of EUR12 .5 m in the corresponding period last year .
negative,"Only the driver was left in the car with the suspect , who was kidnapped and forced at gunpoint to drive to Durham ."
negative,"Finnish Suominen Flexible Packaging Ltd , owned by local textile company Suominen Corporation Group ( HEL : SUY1V ) , said today that it would start employee negotiations concerning its entire personnel in Finland ."
negative,"Coca-Cola was the market leader of manufacturers with a market share of 36.9 % , down 2.2 % from the corresponding period in 2004-2005 ."
negative,Consolidated pretax profit decreased by 69.2 % to EUR 41.0 mn from EUR 133.1 mn in 2007 .
negative,"However , the suspect stole his burgundy Nissan Altima ."
negative,Net sales have been eaten by the weak US dollar .
negative,Finnish investment group Norvestia Oyj said its net profit fell to 23.5 mln euro $ 30.6 mln in 2006 from 33.5 mln euro $ 43.6 mln in 2005 .
negative,Net sales dropped by 6 % year-on-year to EUR 11.9 million .
negative,The maritime administration said the ships had ignored warnings about the icy conditions .
negative,"According to Laavainen , Raisio 's food marketing used to be reactive and inconsistent ."
negative,"In the Baltic countries , development of operations and reorganisation continued , and non-recurring items related to the takeover process lowered earnings ."
negative,Most of the layoffs will be in Finland .
negative,Metso estimates the need for personnel reductions to amount to 25 people .
negative,The employment contracts of 14 of the employees will end in March 2009 as a result of the company 's previous employer-employee talks .
negative,"Sales in Finland decreased by 10.5 % in January , while sales outside Finland dropped by 17 % ."
negative,"The currency effect had a 3.0 pct , or 20 mln euro ( $ 31.3 mln ) , negative impact on the revenue ."
negative,"In the building and home improvement trade , sales decreased by 22.5 % to EUR 201.4 mn ."
negative,"Thanks to the internet , consumers compare products more than previously and Finnish companies are not competitive ."
negative,"Operating profit totaled EUR 6.7 mn , down from EUR 7.2 mn in the corresponding period in 2005 ."
negative,Earnings per share were at loss of EUR0 .24 .
negative,"In Q1 of 2009 , Bank of +_land 's net interest income weakened by 10 % to EUR 9.1 mn ."
negative,Operating profit fell from EUR 7.9 mn in the second quarter of 2005 to EUR 5.1 mn in the second quarter of 2006 .
negative,"26 October 2010 - Finnish environmental management company Lassila & Tikanoja Oyj ( HEL : LAT1V ) , or L&T , said today its net profit declined to EUR20 .9 m for the first nine months of 2010 from EUR27 .6 m for the same period a year earlier ."
negative,"Finnish Suominen Corporation that makes wipes , nonwovens , and flexible packaging , expects changes in the market situation to reduce sales of Suominen 's nonwovens and wet wipes from the previously estimated volumes ."
negative,"Operating profit for the 12-month period decreased from EUR28 .2 m while net turnover increased from EUR313 .42 m , as compared to the financial year 2004 ."
negative,"Employing 112 in Finland and 280 abroad , the unit recorded first-quarter 2007 sales of 8.6 mln eur , with an operating loss of 1.6 mln eur ."
negative,Diluted earnings per share ( EPS ) fell to EUR 0.63 from EUR 1.71 .
negative,"Loss after financial items totalled EUR 9.7 mn , compared to a profit of EUR 1.3 mn in the corresponding period in 2008 ."
negative,The real estate company posted a net loss of +  x201a -õ 59.3 million +  x201a -õ 0.21 per share compared with a net profit of +  x201a -õ 31 million +  x201a -õ 0.11 per share for the corresponding quarter of 2007 .
negative,Finnish communication electronics components supplier Scanfil Oyj Tuesday said sales in the first half of 2006 will be 15 % lower than during the same period a year ago .
negative,25 March 2011 - Finnish electronics contract manufacturer Scanfil Oyj HEL : SCF1V said today its plan to merge wholly owned Scanfil EMS Group with Ojala-Yhtyma Oy has hit a snag as shareholders of the domestic rival rejected the deal .
negative,"In 2009 , Stora Enso 's net loss was EUR 879.7 million compared to EUR 673.4 million in the previous year ."
negative,Finnish M-real 's Kyro mill is starting negotiations to cut staff .
negative,Earnings per share ( EPS ) in 2005 decreased to EUR1 .87 from EUR1 .89 in 2003 .
negative,"Finnish Suominen Flexible Packaging is cutting 48 jobs in its unit in Tampere and two in Nastola , in Finland ."
negative,"Compared with the FTSE 100 index , which rose 94.9 points ( or 1.6 % ) on the day , this was a relative price change of -0.4 % ."
negative,"However , its market share shrank to 47.59 per cent from 48 per cent a year earlier ."
negative,"The result will also be burdened by increased fixed costs associated with operations in China , and restructuring costs in Japan ."
negative,"Scanfil , a systems supplier and contract manufacturer to the communications sector , will start personnel negotiations in Oulu , in Finland , to lay off staff temporarily ."
negative,The hack had been extra nefarious because the tweets activated without being clicked on - it was enough for Web surfers to move their mouse cursors over them .
negative,11 August 2010 - Finnish measuring equipment maker Vaisala Oyj HEL : VAIAS said today that its net loss widened to EUR4 .8 m in the first half of 2010 from EUR2 .3 m in the corresponding period a year earlier .
negative,"Operating result for the 12-month period decreased from the profit of EUR0 .4 m while turnover decreased from EUR5 .6 m , as compared to 2004 ."
negative,"Operating loss before non-recurring items was EUR 0.9 mn , compared to a profit of EUR 11.5 mn in 2008 ."
negative,Operating profit decreased to EUR 16mn from EUR 21.1 mn in 2008 .
negative,Small investors have voiced fears that the shares will end up with risk investors .
negative,"According to the Latvian business register , Uponor Latvia closed in red with LVL 99,000 EUR 139,538.17 USD 194,556.48 on turnover of LVL 2.346 mn for 2009 ."
negative,"Jan. 6 -- Ford is struggling in the face of slowing truck and SUV sales and a surfeit of up-to-date , gotta-have cars ."
negative,"Acando AB ( ACANB SS ) fell 8.9 percent to 13.35 kronor , the lowest close since Dec. 11 ."
negative,A total of 140 jobs will be reduced at the Raahe Steel Works .
negative,"Operating profit , excluding non-recurring items , totalled EUR 2.2 mn , down from EUR 2.7 mn in the corresponding period in 2008 ."
negative,Last year 's third quarter result had been burdened by costs stemming from restructuring in the US .
negative,"In the Baltic countries , sales fell by 40.2 % , and in Russia , by 23.2 % in terms of euros , and by 10.7 % in terms of local currency ."
negative,"HELSINKI Thomson Financial - Shares closed little changed , with Cargotec and Huhtamaki dropping sharply on disappointing second-quarter reports ."
negative,"During the strike , Finnair estimates to incur a net loss of between EUR2m and EUR2 .5 m per day ."
negative,The air traffic of Finland has been in stoppage since then .
negative,"Operating profits in the half were  0.8 m , down from  0.9 m as Glisten invested in the brand and the management team ."
negative,"Operating profit for the 12-month period decreased from EUR17 .9 m while net sales increased from EUR58 .3 m , as compared to 2007 ."
negative,Layoffs will also take place at the Suomussalmi and Kuhmo plants this autumn as a result of codetermination negotiations held there .
negative,"UPM-Kymmene Corp. , the world 's largest maker of magazine paper , on Tuesday reported a 19-percent profit drop as lower paper prices , higher costs and a strong euro hurt revenue ."
negative,The Finnish company previously said its operating result will be lower than the break-even posted a year earlier .
negative,"Cargo traffic fell 1 % year-on-year to 8,561 tonnes in September 2009 ."
negative,30 November 2009 - Finnish office furniture maker Martela Oyj HEL : MARAS said today that it will make redundant three people and other nine will be laid off permanently from the company 's office staff and factory workers .
negative,"Net cash flow from operating activities was a negative EUR 3.1 mn , compared to EUR 23.3 mn in the corresponding period in 2009 ."
negative,Finnish metal products company Componenta Oyj net profit went slightly down to 25.1 mln euro ( $ 40.2 mln ) for the first half of 2008 from 25.4 mln euro ( $ 40.7 mln ) for the same period of 2007 .
negative,The airline 's share price closed down slightly at (  x20ac ) 12.51 ( $ 15US .74 ) in Helsinki .
negative,The Elcoteq group recently announced that the last three months of the previous year brought to it a major loss of more than half a billion kroons ( EUR 32 mln ) for the fifth quarter running .
negative,"Operating loss totalled EUR 12.7 mn , compared to a profit of EUR 17.7 mn in the first half of 2008 ."
negative,Finnish automation solutions developer Cencorp Corporation ( OMX Helsinki : CNC1V ) issued on Thursday ( 18 September ) a profit warning for the third quarter of 2008 .
negative,"Operating loss totaled EUR 0.8 mn , compared to a profit of EUR 0.5 mn ."
negative,"As a result , the company has decided it will implement fixed-term temporary lay-offs ."
negative,It is a disappointment to see the plan folded .
negative,"In Finland , the Bank of +_land reports its operating profit fell to EUR 6.1 mn in the second quarter of 2008 from EUR 7.5 mn in the second quarter of 2007 ."
negative,"Finnish power supply solutions and systems provider Efore Oyj said its net loss widened to 3.2 mln euro $ 4.2 mln for the first quarter of fiscal 2006-2007 ending October 31 , 2007 from 900,000 euro $ 1.2 mln for the same period of fiscal 2005-06 ."
negative,"Cerberus Capital Management LP-backed printing paper maker NewPage Corp. has posted mixed second-quarter results , casting a cloud over its planned initial public offering ."
negative,"Scanfil , a systems supplier and contract manufacturer to the communications sector , will give notice to 20 productional employees , and temporarily lay off 15 employees at the company 's plant in Sievi , in Finland ."
negative,"The negotiation has resulted in the reduction of 80 people in regular employment , around half of which will be covered with pension arrangements ."
negative,The administrators have indicated a need for 900 job cuts at the Irish insurer over the next 15 months .
negative,"In October , UPM reported a third-quarter net loss of euro86 million $ 110 million compared with a net profit of euro120 million in 2007 ."
negative,Finnish meat company Atria can no longer promise a sufficient amount of domestic beef to its customers .
negative,"Net profit in the three months through March 31 fell to (  x20ac ) 103 million ( US$ 165 million ) from (  x20ac ) 131 million a year earlier , the Finnish company said ."
negative,The company expects its net sales for the whole 2009 to remain below the 2008 level .
negative,"( ADP News ) - Feb 12 , 2009 - Finnish construction company Lemminkainen Oyj ( HEL : LEM1S ) said today its net profit decreased to EUR 63.5 million ( USD 81.1 m ) for 2008 from EUR 80.6 million for 2007 ."
negative,"Earlier today , Geberit 's Finnish rival Uponor OYJ cut its full-year sales growth forecast to 6 pct from 10 pct , blaming tough conditions in Germany and the US , as well as currency factors ."
negative,The measures result from decreased demand in technical design and product information .
negative,"Additionally , the company will terminate a maximum nine salaried and senior salaried employees ' employment contracts ."
negative,The majority of the company 's personnel in Finland is temporarily laid off from one to six weeks in the period from February to June 2009 period .
negative,"Finnish shipping company Finnlines , of the Grimaldi Group , reports its net sales decreased to EUR 241.8 mn in January-June 2009 from EUR 384.0 mn in the corresponding period in 2008 ."
negative,"( ADPnews ) - Feb 3 , 2010 - Finland-based steel maker Rautaruukki Oyj ( HEL : RTRKS ) , or Ruukki , said today it slipped to a larger-than-expected pretax loss of EUR 46 million ( USD 64.5 m ) in the fourth quarter of 2009 from a"
negative,"Finnish Bank of +_land reports operating profit of EUR 2.2 mn in the first quarter of 2010 , down from EUR 6.3 mn in the corresponding period in 2009 ."
negative,`` Operating profit declined mainly due to the increased cost of wood and recycled fiber and the strengthened euro . ''
negative,The union filed a grievance over the company 's overtime assignment policies .
negative,The first ship has been delayed and is estimated to be completed in spring 2010 .
negative,"`` This is super nasty , '' said Eric Schultze , chief technology officer at Shavlik Technologies LLC , a St. Paul , Minn.-based maker of patch management tools ."
negative,"In Sweden , there is an oversupply of pharmacies ."
negative,"The offer , deemed too low by Finnlines ' board , stands until 4 pm tomorrow ."
negative,"Operating loss totalled EUR 4.0 mn , compared to a profit of EUR 8.6 mn in the second quarter of 2008 ."
negative,"Operating profit excluding non-recurring items amounted to EUR 40.6 mn , down from EUR 57.3 mn year-on-year ."
negative,"According to Swedish authorities , traces of the very toxic osmium tetroxide have been found on the coast of Per+Æmeri , the Northernmost part of the Gulf of Bothnia ."
negative,"Net sales for the financial year 2006 are expected to amount to about EUR20m and the operating result EBIT is expected to be a loss , as announced before ."
negative,"Raw materials prices have surged in the past year , fueled in part because of the rapid industrialization of China , India and other developing nations ."
negative,Commission income fell to EUR 4.6 mn from EUR 5.1 mn in the corresponding period in 2007 .
negative,"On the other hand , Finnish sawmills ' production has decreased even more ."
negative,"As production of other products will continue normally , temporary lay-offs concern simultaneously at most 80 employees ."
negative,Nokia s U.S. shares were 3.3 percent lower at $ 12.73 by 1750 GMT .
negative,Finnish technology company Raute Corporation ( OMX Helsinki : RUTAV ) issued on Tuesday ( 23 September ) a profit warning for the financial year 2008 .
negative,"In this case , the effect would be negative in Finland ."
negative,Finnair believes the strike will cause it daily net losses in excess of EUR 2mn due to canceled reservations and passenger re-routing .
negative,"In the reporting period , EPS stood at EUR0 .07 versus EUR0 .11 ."
negative,"It generated an operating loss of EUR 96.3 mn , down from a profit of EUR 43.9 mn ."
negative,"In addition , a further 29 employees can be laid off until further notice and the whole workforce can be laid off for short periods if needed ."
negative,"A total of 16.5 mn passenger ship journeys took place in the northern Baltic Sea in 2007 , slightly down from 16.5 mn in 2006 ."
negative,"Finnish construction company YIT is reducing the number of start-ups of market-financed residential units in 2007 to about 2,300 from the previously announced 2,700 ."
negative,"Jul. 18 -- Police are looking for a man who they say terrorized three males at gunpoint on East Maple Avenue this afternoon , shooting one of them and kidnapping another ."
negative,Operating loss amounted to EUR 0.7 mn compared to a profit of EUR 0.8 mn in the second quarter of 2005 .
negative,The company confirmed its estimate for lower revenue for the whole 2009 than the year-ago EUR93 .9 m as given in the interim report on 5 August 2009 .
negative,"According to the company , in addition to normal seasonal fluctuation the market situation has weakened during autumn 2008 ."
negative,Operating profit fell to EUR 15.1 mn from EUR 24.6 mn in 2006 .
negative,The SeaWind that was en route from the Finnish port of Turku to Stockholm got stuck in ice already around 4 p.m. on Wednesday and the Regal Star 's journey from the Swedish port of Kapellskar to Paldiski in northwestern Estonia was cut short at 2 a.m. on Thursday .
negative,Pretax loss totalled EUR 162.3 mn compared to a profit of EUR 253.5 mn in 2007 .
negative,"UPM said the move will lower net profit by  x20ac 385 million US$ 520 million in the second quarter , mainly due to impairment charges ."
negative,"Capacity will ease at its Seikku sawmill in Pori and Alholma sawmill in Pietarsaari and result in 60 people being laid off for around six weeks starting mid-May , it said ."
negative,"In Q1 of 2009 , the company 's operating loss totalled EUR 0.3 mn , compared to a profit of EUR 3.6 mn in Q1 of 2008 ."
negative,Profit for the period fell to EUR 1.6 mn from EUR 7.5 mn in January-September 2008 .
negative,Nokia Siemens Networks has struggled to make a profit in the past two years .
negative,"Operating result , excluding one-off items , totaled EUR 9.1 mn compared to EUR 10.6 mn in continuing operations , excluding one-off items in 2004 ."
negative,"Sales at the Tiimari business went down by 8 % to EUR 11.8 million , while Gallerix stores saw 29 % growth to EUR 2 million ."
negative,`` Capital expenditure on energy efficiency has unfortunately fallen along with the decline in the economy .
negative,"As a result , 12 people will be made redundant and a total of 67 persons are laid off temporarily ."
negative,"Operating profit totaled EUR 9.4 mn , down from EUR 11.7 mn in 2004 ."
negative,Operating profit fell to EUR 23.26 mn from EUR 32.86 mn .
negative,"In addition , the production at the Varpaisj+_ rvi factory will be stopped at the beginning of April 2009 ."
negative,"Finnish electronics contract manufacturer Scanfil reports net sales of EUR 241.2 mn in 2006 , down from EUR 321.6 mn in 2005 ."
negative,The current reference grade instruments are challenging to operate due to their high price and complexity for routine use .
negative,UPM stock fell 3 percent to EURO 12.49 $ 17.24 in early afternoon trading in Helsinki .
negative,"`` We see that the market continues to be tight in magazine papers , and our target is to close the deals by the end of the year . ''"
negative,Operating profit for 2009 lower than outlook published earlier .
negative,Also construction expenses have gone up in Russia .
negative,"Operating result showed a loss of EUR 2.9 mn , while a year before , it showed a profit of EUR 0.6 mn ."
negative,Pharmaceuticals group Orion Corp reported a fall in its third-quarter earnings that were hit by larger expenditures on R&D and marketing .
negative,"Pretax loss totalled EUR 49.9 mn , compared to a loss of EUR 15.4 mn in the corresponding period in 2008 ."
negative,The Group 's order portfolio decreased from EUR 42.9 mn in 9-2007 to EUR 33.3 mn in 2-2008 .
negative,Talentum 's net sales in September were smaller than expected .
negative,`` Those uncertainties cloud the long-term outlook . ''
negative,"Profit for the period totalled EUR 1.1 mn , down from EUR 1.6 mn in the third quarter of 2008 ."
negative,The company reported today an operating loss of EUR0 .1 m on net sales of EUR4 .5 m for the first quarter 2008 .
negative,Finnish glass technology company Glaston Oyj Abp net profit decreased to 2.6 mln euro ( $ 3.8 mln ) for the first nine months of 2007 from 7.8 mln euro ( $ 11.4 mln ) for the same period of 2006 .
negative,"The OMX Nordic 40 OMXN40 index , comprising the 40 most traded Nordic stocks on the Nasdaq OMX exchange , closed down 0.87 % at 1,064.14 points on Thursday ."
negative,"At the close , the OMX Helsinki 25 was 0.01 pct lower at 3,067.64 points and the OMX Helsinki was down 0.05 pct at 10,321.46 points on over 1.343 bln eur of turnover ."
negative,"In the fourth quarter of 2008 , net sales decreased to EUR 121.4 mn from EUR 165.5 mn in the fourth quarter of 2007 ."
negative,Operating profit fell to EUR 38.1 mn from EUR 55.3 mn in 2007 .
negative,"`` There 's the issue of thieves stealing them from building sites , '' said Mr Smith ."
negative,"In July-September 2009 , Konecranes ' sales decreased to EUR 368.7 mn from EUR 520.4 mn in July-September 2008 ."
negative,"Operating profit fell to EUR 35.4 mn from EUR 68.8 mn in 2007 , including vessel sales gain of EUR 12.3 mn ."
negative,"In the building and home improvement trade , net sales totalled EUR 1,173 mn , down from EUR 1,566 mn a year earlier ."
negative,Relations with the City have been further damaged by comments from Mr Ashley criticising City investors and analysts as `` cry babies '' .
negative,Viking Line has canceled some services .
negative,"The Finnish national carrier said net loss in April through June was euro26 million , down from a net profit of euro13 million a year earlier ."
negative,"The pulp production in Finnish Kemij+Ærvi will also be liquidated and about 1,100 employees loose their jobs ."
negative,"HELSINKI AFX - Kesko Corp is expected to report a lower second quarter EPS today due to tax charges , but other earnings lines are seen higher year-on-year , analysts said ."
negative,"Operating loss totalled EUR 3.2 mn , compared to a profit of EUR 7.2 mn in the third quarter of 2008 ."
negative,"The number of permanent reductions of clerical workers is 22 employees , of which 19 in Finland ."
negative,"In the third quarter of fiscal 2008 Efore swung to a net loss of EUR 400,000 versus a net profit of EUR 200,000 for the corresponding period of fiscal 2007 ."
negative,The sales of the Tiimari segment fell by 4.0 % year-on-year to EUR3 .3 m in June 2010 .
negative,"That 's what I go to bed worrying about every night , ' he said ."
negative,"Operating profit for the 12-month period decreased from EUR157 .5 m , while net sales increased from EUR634 .3 m , as compared to 2007 ."
negative,Return on investment ROI was 4.1 % compared to 43.8 % in the first half of 2008 .
negative,"Konecranes Oyj KCR1V FH fell 5.5 percent to 20.51 euros , the biggest fall since June ."
negative,Korhonen was dismissed from her post of editor in chief of the group 's newspaper Lapin Kansa in December 2008 .
negative,"Operating profit decreased to nearly EUR 1.7 mn , however ."
negative,"In Finland , OP-Pohjola 's staff union is boycotting the group 's insurance sales tasks because the company has refused to take the sale of insurance into account in determining wages ."
negative,"Also the city 's insurance company , If P & C Insurance , has said it will not pay compensation ."
negative,Performance in 2006 was impacted by the consolidation trend in the telecom sector and the overall and structural changes in the contract manufacturing market in telecommunications technology and industrial electronics .
negative,"Paper stocks were among the biggest fallers , with Stora Enso down 2.30 pct to 14.01 eur , M-real down 2.86 pct to 5.09 eur and UPM-Kymmene 1.14 pct lower at 19.10 eur ."
negative,"Finnish electronics manufacturing services EMS company Elcoteq SE posted a net loss of 66.4 mln euro $ 91.2 mln for the first half of 2007 , compared to a net profit of 7.1 mln euro $ 9.8 mln for the same period of 2006 ."
negative,18 March 2010 A leakage in the gypsum pond was detected today at the Talvivaara mine .
negative,The operating margin of Aker Yards Cruise & Ferries division went down from 8.3 % to 6.4 % in the first quarter of 2007 .
negative,Consolidated operating profit from continuing operations decreased by 62.3 % to EUR 51.2 mn from EUR 135.7 mn in 2007 .
negative,"At 12.01 pm , the OMX Helsinki 25 was down 0.66 pct to 3,143.57 and the OMX Helsinki was 0.67 pct lower at 10,530.74 on 253 mln eur turnover ."
negative,"Profit for the period totalled EUR 0.8 mn , down from EUR 1.1 mn in the corresponding period in 2008 ."
negative,"The EU Commission said earlier it had fined ThyssenKrupp , United Technologies Corp 's Otis , Schindler AG and Kone Oyj a total of 992.3 mln eur for alleged cartel activity in the lift market going back twelve years ."
negative,"Profit for the period was EUR 10.9 mn , down from EUR 14.3 mn in 2009 ."
negative,Sales of mid-strength beer decreased by 40 % .
negative,"According to Scanfil , demand for telecommunications network products has fluctuated significantly in the third quarter of 2006 , and the situation is expected to remain unstable for the rest of the year ."
negative,Stora Enso Oyj said its second-quarter result would fall by half compared with the same period in 2007 .
negative,"Sampo Bank 's market share of lending was 13.6 % , down from 14.4 % in the first quarter of 2008 ."
negative,"Frost sold shares for $ 19 million at $ 6.06-7 .12 per share , compared with Friday 's high of $ 11.33 and low of $ 10.14 ."
negative,"The period 's sales dropped to EUR 30.6 million from EUR 38.3 million , according to the interim report , released today ."
negative,"( ADP News ) - Feb 11 , 2009 - Finnish wood products technology supplier Raute Oyj ( HEL : RUTAV ) said today its net profit decreased to EUR 4.7 million ( USD 6.1 m ) for 2008 from EUR 6.6 million for 2007 ."
negative,"Therefore , the company 's 2005 result will remain weaker than that of 2004 ."
negative,Ramirent made 18 million kroons EUR 1.15 mln loss last year ; the year before the company was 7.3 million kroons in the black .
negative,The announcement comes two weeks before a key licensing agreement expires between between the two companies which are embroiled in a disagreement over royalty payments for Texas Instrument chips which use Qualcomm-patented technology .
negative,Repeats sees 2008 operating profit down y-y ( Reporting by Helsinki Newsroom ) Keywords : TECNOMEN-RESULTS
negative,They will cover all Forest Industry 's units and employees in Finland and concern temporary and permanent lay-offs .
negative,Danish company FLSmidth has acknowledged that it has violated a patent held by Finnish Metso .
negative,"Cencorp 's net sales in the first quarter is estimated to be EUR0.9-1 .2 m , as compared to EUR4 .5 m in the first quarter 2008 ."
negative,Finnair 's total traffic decreased by 8.7 % in terms of revenue passenger kilometres .
negative,"Profit before taxes amounted to EUR 56.5 mn , down from EUR 232.9 mn a year ago ."
negative,"Operating profit for the 12-month period decreased from EUR2 .9 m while turnover increased from EUR24 .5 m , as compared to the financial year 2004 ."
negative,"Finnish management software solutions provider Ixonos Oyj net profit decreased to 369,000 euro ( $ 575,000 ) for the first quarter of 2008 from 669,000 euro ( $ 1.0 mln ) for the same period of 2007 ."
negative,A survey conducted by Taloustutkimus for Sampo Life shows that companies are badly prepared to losing key staff members .
negative,"Operating profit totalled EUR 30.2 mn , down from EUR 43.8 mn a year earlier ."
negative,"Net sales of Finnish Sanoma Learning & Literature , of Finnish media group Sanoma , decreased by 3.6 % in January-June 2009 totalling EUR 162.8 mn , down from EUR 168.8 mn in the corresponding period in 2008 ."
negative,"Alma Media 's operating profit amounted to EUR 11.9 mn , down from EUR 15.0 mn a year earlier ."
negative,"Konecranes has previously communicated an estimated reduction of about 1,600 employees on group level in 2009 ."
negative,Pretax profit decreased to EUR 33.8 mn from EUR 40.8 mn in the fourth quarter of 2005 .
negative,"Pretax profit totaled EUR 9.0 mn , down from EUR 36.3 mn in 2007 ."
negative,"When this information was released on 5 September 2008 , Nokia 's American Depositary shares fell by 8 % ."
negative,"Based on the first quarter result , existing order backlog and new order prospects , the company expects that full-year sales will contract by 25 % from 2008 , the gross margin will stay at a healthy level , and the operating profit margin will be lower than in 2008 due to lower sales volume ."
negative,Orion 's net profit for the third quarter of 2007 decreased to 36.5 mln euro ( $ 52.1 mln ) from 40.3 mln euro ( $ 57.5 mln ) a year earlier .
negative,"Profit before taxes decreased by 9 % to EUR 187.8 mn in the first nine months of 2008 , compared to EUR 207.1 mn a year earlier ."
negative,Border Guard Service has banned the mooring of the company car-shipping ferry on its test travel at the railroad-car terminal of the Russian port as the border checkpoint is not yet ready .
negative,"have notified that as a result of the Company issuing 14,432,000 new shares in the directed offering , the joint holdings of Pequot has decreased below 1-10 to 9.63 % of total number of shares and votes in the Company ."
negative,"Sales in Finland decreased by 2.0 % , and international sales decreased by 9.3 % in terms of euros , and by 15.1 % in terms of local currencies ."
neutral,L&T also acquired a 50 pct stake in local sector company Salvor Oy at the beginning of September 2007 .
neutral,"The paper industry 's de-inking sludge , which is produced in mills that use recycled fiber when printing ink is removed from recovered paper , is also a suitable raw material ."
neutral,"Target company : Tieto Corporation , Business Identity Code : 0101138-5 Date of change in holding : 22 January 2010 Portion of the shares and votes : The current group holding of OP-Pohjola Group Central Cooperative ( OPK ) is 2982 587 shares , which represents 4.14 % of the shares and voting rights ."
neutral,"CapMan Plc Press Release 31 March 2008 Jukka Ruuska , President of the OMX Nordic Exchanges and the Stockholm Stock Exchange , will transfer to CapMan effective no later than September 2008 ."
neutral,The value of the order is about EUR 30mn .
neutral,Efore 's CEO Reijo Maihaniemi said that the company has developed and already delivered power supply units to respective systems based on this technology to Chinese sector company ZTE Corp SHE : 000063 .
neutral,"According to Seikku , the retail sector in Finland is controlled by 3-4 large actors , while food manufacturers are still relatively small ."
neutral,The construction project is scheduled to start in the second quarter of 2009 and the new building is scheduled to be in place by the end of 2010 .
neutral,Finnish glass technology group Glaston Corporation ( OMX Helsinki : GLA1V ) reported on Thursday ( 14 August ) an operating profit of EUR6 .5 m on net sales of EUR201 .5 m for the period January-September 2008 .
neutral,"Teollisuuden Voima Oyj , the Finnish utility known as TVO , said it shortlisted Mitsubishi Heavy s EU-APWR model along with reactors from Areva , Toshiba Corp. , GE Hitachi Nuclear Energy and Korea Hydro & Nuclear Power Co. ."
neutral,"Nordstjernan will make the offer in approximately one month , in September 2007 ."
neutral,"At end-August , Sampo was Nordea 's biggest shareholder with a 20.6 % stake , followed by the state with 19.9 % ."
neutral,The Oxyview Pulse Oximeter is a common device to check patient blood-oxygen saturation level and pulse rate .
neutral,The appointments will be in force until the new CEO has been appointed .
neutral,Almost two thirds of Olvi 's net sales come from outside Finland .
neutral,"On 25 August 2009 , Sampo 's stake in Nordea was 19.45 % ."
neutral,"Tecnotree 's convergent charging solution includes functionality for prepaid and post-paid billing , charging and rating of voice calls , video calls and raw data traffic for both mobile and fixed networks ."
neutral,"City24 users can search for homes and properties in all areas where City24 is active , even outside their own country ."
neutral,"Mercator will use the software for its logistic , retail and wholesale operations in Slovenia and its other markets in southeastern Europe ."
neutral,This corresponds to 6.81 percent of Okmetic 's share capital and voting rights .
neutral,Earnings per share were EUR -0.04 -0.06 .
neutral,"Country : , Finland Sector : Construction-Real Estate Target : Pohjolan Design-Talo Oy Buyer : CapMan Oyj Vendor : Ruukki Group Oyj Deal size in USD : 102.6 m Type : Divestment Status : Agreed"
neutral,"Headline of release dated March 26 , 2008 should read : Acacia Subsidiary Enters into Settlement Agreement for Rule Based Monitoring Technology with F-Secure ( sted Acacia Technologies Licenses Rule Based Monitoring Technology to F-Secure ) ."
neutral,"The mall will be financed on a parity basis by Pearl Plaza LLC , the joint venture company established by the Chinese investor Shanghai Industrial Investment Holdings Co Ltd , and SRV Group ."
neutral,"Previously , Grimaldi held a 46.43 pct stake in the Finnish company following the takeover bid launched in November 2006 ."
neutral,The products have a low salt and fat content .
neutral,"Quartal Oy now owns 2,094,063 shares in Satama Interactive Plc , which represents 5,19 per cent of the share capital and voting rights ."
neutral,"www.countryelements.co.uk Designed by Patricia Burt , this is just one of a selection of distinctive hooked rugs created with recycled materials and dyed natural dyes ."
neutral,No financial or pricing details were disclosed .
neutral,"Koduextra is operating a retail chain of 11 stores , controlled by Finnish Non-Food Center KY , Rukax OY , and Scan-Tukka OY ."
neutral,It is the first application in the market for invoice and purchase requisition approval with a mobile device .
neutral,"Additionally , the company will use the solutions to automate the preparation of financial statements according to IFRS standard ."
neutral,The full-function PC weighs 1.25 kilograms and measures slightly more than two centimeters thin .
neutral,"The total scope of the project is about 38,000 square metres and it is valued at a total of around EUR75m ."
neutral,"In December , Amer announced the dismissal of CEO Roger Talermo , who had headed the company since 2006 ."
neutral,"Iso Omena is based in the Matinkyla district of the southern part of the city of Espoo , southern Finland ."
neutral,"Talvivaara Mining Company PLC ( Talvivaara Mining ) ( LSE : TALV ) , a Finland-based nickel mining business , has installed its second production line at its metals recovery plant on June 9 , 2010 ."
neutral,"An  of the invention , released by the Patent Office , said : `` A non-coherent search matrix is formed of said correlation function matrix ."
neutral,"Elcoteq Dongguan was established in 1999 in the Nancheng District of Dongguan , China and is one of Elcoteq s four volume manufacturing plants in the Asia-Pacific region ."
neutral,The group 's net sales in 2007 were EUR683 .6 m.
neutral,"Jukka Hienonen , the current Finnair CEO , will step down at the end of January 2010 ."
neutral,"In 2009 , Lee & Man had a combined annual production capacity of close to 4.5 million tonnes of paper and 300,000 tonnes of pulp ."
neutral,"The company 's transportation business is conducted through Florida Rock & Tank Lines , which is a Southeastern transportation company concentrating in the hauling by motor carrier of liquid and dry bulk commodities ."
neutral,"The study was not designed to enable formal statistical evaluation of therapeutic activity , the company said ."
neutral,"That address also happens to house Italian megamart Eataly , meaning that `` Come on , kids , we 're going to the Toy Building ! ''"
neutral,"Glaston , headquartered in Tampere , Finland , is a growing and international glass technology company ."
neutral,"Outotec 's scope of delivery includes design , basic engineering and supply of proprietary equipment for a sinter plant with a grate area of 496 square meters ."
neutral,"Under the changes envisaged , HK Ruokatalo would reduce its number of industrial places of business in Finland from eight to six ."
neutral,"In the Baltic countries , Atria 's target is organic growth ."
neutral,"The final price will be specified by 14 May 2010 , the acquiring company said ."
neutral,The companies aim to close the deal before the end of the year .
neutral,"POYRY PLC Additional information by : Martin Kuzaj , President , Industry Business Group , Finland Tel. +358 10 33 21179 Sanna Paivaniemi , Director , Investor Relations , Poyry PLC , Finland Tel. +358 10 33 23002 Poyry is a global consulting and engineering company dedicated to balanced sustainability ."
neutral,Nordic Walking was first used as a summer training method by cross-country skiers .
neutral,"Kemira 's R&D organization comprises approximately 750 people , the company said ."
neutral,Our tools are specifically designed with the needs of both the business users and ICT experts in mind .
neutral,It will use the proceeds from the transaction to achieve its target .
neutral,Proline Plus is a mechanical liquid handling device with a robust design suitable for all types of applications .
neutral,"Later on , about 150 Finnish-made houses will be build in the area ."
neutral,"The repayment of EUR 105 million debenture bonds is related to the Company 's previous announcement on October 21 , 2009 to collect irrevocable selling commitments from the holders of its subordinated debenture bonds ."
neutral,"He announced a `` solutions unit '' to speed co-operation in August , and shifted Simonson from finance chief to low-end phones in October ."
neutral,"The permanent magnet generators and power converters are today the preferred solution in new wind turbine designs , the company said ."
neutral,Almost the entire office building will be occupied by Metso .
neutral,"Furthermore , the company will sell the warehouse and office buildings in Loudeac and Saint Marcel and lease new joint premises for these operations in Morvillars ."
neutral,"'s Outokumpu Technology business will begin trading on the Nordic Exchange in Helsinki starting Oct. 10 , becoming the sixth company to list on that exchange this year , the company said Friday ."
neutral,"The recruitment is related to the relocation of Stora Enso 's research operations to Karlstad , central Sweden ."
neutral,`` Social networking and location-based service trends comprise a significant share of the Internet traffic today and are appealing to MID users .
neutral,"PGE Belchatow runs the 4.44 GW Belchatow coal-fired power plant , and Fortum has intentions to start a CCS demonstration project jointly with Teollisuuden Voima Oyj ( TVO ) - another Finnish utility - at the their jointly owned 565MW Meri-Pori coal-fired facility ."
neutral,"The port operator , however , favors retaining the port fees in 2010 , citing the owner , the governemtn of Estonia , commiting the port to pay EEK 400mn ( EUR 25.56 mn USD 36.44 mn ) in dividends to the state in 2009 and another EEK 300mn in 2010 ."
neutral,`` This could be us .
neutral,"We now have both the opportunity and the responsibility to create a new journalistic culture to serve the readers of Alma Media 's newspapers , `` says Hannu Ollikainen , head of the new Helsinki desk ."
neutral,"Financial , strategic and operational factors are considered ."
neutral,"HK Ruokatalo produces many turkey products , such as cold cuts ."
neutral,Pharmaceutical market in Czech Republic Global Research & Data Services published recently a market analysis about the pharmaceutical markets in Czech Republic .
neutral,"Of course , you 'll have direct access to Nokia 's Ovi store , so you 'll have lots of fun downloading your favorite media ."
neutral,The percentages of shares and voting rights have been calculated in proportion to the total number of shares registered with the Trade Register and the total number of voting rights related to them .
neutral,The office space will rise above the remodeled Cannon Street underground station .
neutral,"In accordance with the terms and conditions of Alma Media 's 2006 option program , the share subscription price for the 2006A option rights was EUR 4.88 per share and the book countervalue EUR 0.60 per share ."
neutral,Finnish construction company YIT HEL : YTY1V said it had agreed to take over German facility engineering and facility systems firm Caverion for EUR73m USD90 .3 m .
neutral,"We went to the market with yield guidance of the 7.25 % area , which gave us the flexibility to go up or down by 1-8th ."
neutral,"When dialing in , the participants should quote 877417 as conference ID ."
neutral,"Aldata Solution Oyj Stock Exchange Release 11 August 2006 , at 11.00 am ALDATA SHARES SUBSCRIBED FOR WITH 2003 STOCK OPTIONS A total of 95,000 new shares of Aldata Solution Oyj have been subscribed for with the company 's 2003A stock options ."
neutral,"Tecnomen 's solution can be used for prepaid and post-paid billing , for charging and rating of voice and video calls , data traffic and any kind of content services in both mobile and fixed networks ."
neutral,"The program included operational improvements and reductions in personnel , mainly in the Netherlands ."
neutral,"Exports make up more than 80 per cent of our sales , so the name Glaston also reflects a truly internationally operating company , '' explains Kyro 's President & CEO Mika Seitovirta ."
neutral,"Nokia will deliver a WCDMA 3G-HSPA radio network , including the modular , high capacity Nokia Flexi WCDMA base station to Indosat ."
neutral,The ECB can mainly target inflation .
neutral,"The contract traded at an all-time high of $ 50,200 a ton on April 24 ."
neutral,"The contract , which was signed yesterday , will run for five years and includes a two-year extension option ."
neutral,"Alma Media Corporation PRESS RELEASE March 25 , 2010 TYRV+_+_N SANOMAT PURCHASE CONFIRMED The business operations of Tyrv+Æ+Æn Sanomat Oy will be transferred to Suomen Paikallissanomat Oy ."
neutral,"Following the issue , the new shares will constitute 10 percent of the firm 's capital ."
neutral,Results are expected late in 2006 .
neutral,To see a slide show of all the newest product releases from Fiskars .
neutral,Net sales in 2008 are expected to be on the same level as in 2007 .
neutral,"Von Koskull will oversee a new unit of Nordea , which brings together corporate merchant banking , financial institutions and capital markets products divisions ."
neutral,"The Finnish company sold its UK operation - consisting of 50 staff in offices in London , Birmingham and Manchester - as part of a deal with Hampden in July 2001 for its European-wide property and casualty arm Sampo Industrial ."
neutral,Net profit in the same period in 2006 was (  x20ac ) 172 million .
neutral,"Alpina Sports is a Lebanon , New Hampshire USA based distributor of e.g. Alpina ski shoes and skis , Exel ski poles , Start ski waxes and now also Peltonen cross-country skis ."
neutral,"For the purposes of the possible acquisition , PKC would establish a subsidiary in Poland ."
neutral,The layoff talks were first announced in August .
neutral,"The total size of the complex is around 25,000 m2 and the project will be constructed in stages ."
neutral,"Fortum holds 90.2 pct of the share capital and 94.4 pct of the voting rights in the company , which it now plans to delist from the Warsaw Stock Exchange ."
neutral,"`` EB Tough VoIP was designed to fulfill the communications needs of military units , and we continue to strive towards achieving that goal , '' Mikko Viitaniemi , EB Elektrobit Defense Products , Wireless Solutions senior manager , said in a statement ."
neutral,"She will succeed Krister Kylas , who has decided to leave TeliaSonera ."
neutral,Swedish Wallenberg family controlled Investor has bought a large stake of C shares in Swedish retail bank SEB .
neutral,Aspokem posted an operating profit of 2.7 mln euro ( $ 3.5 mln ) and net sales of 89.1 mln euro ( $ 116.8 mln ) in 2006 .
neutral,"EQ Bank forecasts Olvi 's net sales at EUR 67mn in the second quarter of 2009 , and operating profit at EUR 6.4 mn ."
neutral,The value of the order is EUR 2.5 mn .
neutral,"Sami Sepp+Ænen , CEO for Elisa Eesti , says the novel network allows fast mobile broadband for sparsely populated areas ."
neutral,`` The sale of the oxygen measurement business strengthens our goal to focus on our chosen market segments .
neutral,The first group of customers to be trained will be paint-shop owners and their assistants .
neutral,"In the spring 2006 , a total of 386,530 Stock Options 2002 B were annulled ."
neutral,Donations to universities The Annual General Meeting authorized the Board of Directors to donate max .
neutral,"Our in-depth expertise extends to the fields of energy , industry , urban & mobility and water & environment ."
neutral,The bond has a value of EUR150m and a maturity of 4 years .
neutral,The order includes 48 ship cranes that will be delivered for 12 container feeders to be built at Wenchong shipyard in China .
neutral,"This one was at one time targeted for June 5 , but if we had to guess , it 's been pushed back -- maybe we 're crazy , but we feel like it has n't leaked enough to meet that date at this point ."
neutral,`` With this new version it is very important for us to introduce a BIM process that is based on the detailed building information model .
neutral,The company closed last year with a turnover of about four million euros .
neutral,Nokia Corp of Finland Tuesday said it has received a unified device managment contract with Finnish operator Elisa Oyj .
neutral,"Paychex has more than 100 offices serving approximately 554,000 payroll clients nationwide as of May 31 , 2009 ."
neutral,"LIGHTS OUT Before curfew , curl up with the latest bestseller and treat your eyes to the perfect reading light from Luceplan ."
neutral,"The order consists of capacity expansion , maintenance services and new charging functionality , the company said ."
neutral,Amanda Capital has investments in 22 private equity funds and in over 200 unquoted companies mainly in Europe .
neutral,"With the second phase of the new Innova building , Tecnopolis presence in Jyvaskyla will increase to a total of approximately 62,000 floor square meters ."
neutral,This includes a EUR 39.5 mn change in the fair value of investment properties .
neutral,Chief Financial Officer Jim Heindlmeyer said Beyond Oblivion is in advanced talks with the four major recording companies about its service .
neutral,"The building owner and developer , Sun Hung Kai Properties Group , is one of the largest property companies in Hong Kong , developing all types of premium residential and commercial projects for sale and investment ."
neutral,"Koff 's market share of the volume of the market was 23.4 % , Karhu 's 21.4 % ."
neutral,The company does not at present hold any of its own shares .
neutral,Scanfil holdings include 100 % of contract electronics manufacturer Scanfil EMS Group .
neutral,"Neste Oil said it will build a biodiesel production facility in Rotterdam , the Netherlands , at an estimated cost of 670 million euros , naming France-based Technip as the project 's main contractor ."
neutral,"China Unicom , NYSE : CHU , HKSE : 0762 , and SHSE : 600050 , the second largest mobile carrier in the country ."
neutral,The value of the contracts is about EUR 3.3 mn .
neutral,"The company 's US subsidiary Vaisala Inc. acquires Aviation Systems Maintenance , Inc ASMI , a Kansas , U.S. based airport service company with over 2.6 million USD net sales in 2008 ."
neutral,"The Stena Poseidon is a so-called Panamax tanker , designed to be able to pass through the narrow passages in the Panama Canal 's locks ."
neutral,"The portfolio comprises of 118,000 m2 of leasable space with a vacancy rate of roughly 5 % , let to around 140 tenants of which two of the largest are the Swedish government and Ericsson ."
neutral,Finland-based international machinery rental company Ramirent Plc ( OMX Helsinki : RMR1V ) reported on Friday ( 15 August ) an operating profit of EUR65 .0 m on net sales of EUR342 .9 m for the period January-June 2008 .
neutral,"Exel 's board of directors will propose a dividend of 0.2 euro $ 0.3 per share for 2006 at the annual general meeting on April 19 , 2007 ."
neutral,6 October 2010 - Finnish paints and coatings company Tikkurila Oyj HEL : TIK1V announced today the launch of Tikkurila ProHouse method for protection of wooden surfaces via treatment with Ultra Pro waterborne products .
neutral,"The company said that the operations will be sold to a newly established company , CPS GmbH , where the present management of the plastics business is a co-owner ."
neutral,"Vehvilainen , who is currently the chief operating officer at Nokia Siemens Networks , will join Finnair on 5 January 2010 and take over as CEO effective 1 February 2010 ."
neutral,"It is positive that the company it recruited Harri Koponen as CEO , according to Affarsvarlden ."
neutral,You will hear the latest insights and updates on Citycon 's strategy as well as the latest news from all the business units .
neutral,Registration is required .
neutral,The availability of the Internet services is highlighted in the service offer of Kesko 's K-Group stores .
neutral,"Unlisted British Biologicals makes B - and D - proteins , and other disease-specific supplements that cover diabetes , hepatitis , asthma and other cardiovascular ailments ."
neutral,Kemira 's partner in the project is St. Petersburg Water Works .
neutral,"The talks concerned about 160 people in Finland and the initial estimate was for about 35 redundancies , Fiskars said ."
neutral,Kalmar Espana generated net sales of some 11.3 mln euro $ 14.8 mln in 2005 .
neutral,"The report profiles 614 companies including many key and niche players worldwide such as Black & Decker Corporation , Fiskars Corporation , Fiskars Brands , Inc. , Husqvarna Outdoor Products Inc. , K+S Group , Ryobi Technologies , Inc. , The Scotts Miracle-Gro Company , and Van Group , Inc. ."
neutral,There have not been previous share subscriptions with 2004 stock options .
neutral,The Finnish paints company acquired the remaining 49 pct that it did not own from Ukraine 's LGU for an undisclosed sum .
neutral,"In parallel , TeliaSonera has decided to conduct a compulsory acquisition ."
neutral,"Russian Media Ventures ' minority shareholder Peter Hervy denied the plans to sell OVA Press , the daily said ."
neutral,"Once your plants are in the ground they will continue to grow , but the success of any garden lies in how well it 's maintained ."
neutral,"The redesigned crushing circuit has been in operation since the start of September and its overall production rate on a weekly basis is in excess of an average of 40,000 tonnes a day ."
neutral,The energy sector accounted for approximately 33 % and the steel industry for about 57 % of the transportation volume .
neutral,"Glaston 's well-known brands are Bavelloni , in pre-processing machines and tools , Tamglass and Uniglass , in safety glass machines and Albat + Wirsam in software solutions ."
neutral,"Following the issue , the number of shares in the Swedish company will grow by 9 % ."
neutral,"`` This transaction supports Huhtamaki 's strategic review of rigid plastic consumer goods operations '' , says Huhtam+Æki Oyj 's CEO Jukka Moisio ."
neutral,4 ) Complete name of the shareholder : Otto Henrik Bernhard Nyberg 5 ) Further information : The amount of shares now transferred corresponds to 5.68 % of the total number of shares in Aspo Plc. .
neutral,"Jeder Beta-Tester erh+Ælt kostenlos sechs Monate lang Updates und hat laut eigener Aussage die M+¦glichkeit , die finale Version zu beeinflussen ."
neutral,No changes in media activity were seen in October compared with September .
neutral,Homeowners across North America have green experiences to share from cost savings to clean and eco-friendly heating .
neutral,"In stead of being based on a soft drink , as is usual , the Teho energy drink is made with fresh water ."
neutral,"The total donation amount is EUR 1,115,000 ."
neutral,Latvia 's Stockmann shopping mall is a subsidiary of Finland 's Stockmann Plc. .
neutral,"Among paper issues , Stora Enso R was little changed -- up 0.08 pct at 12.03 eur , UPM-Kymmene was 0.48 pct higher at 18.77 eur and M-real B added 0.50 pct to 3.99 eur ."
neutral,`` Management decided at the end of 2005 to increase cathode copper capacity .
neutral,RL-Nordic is a part of Raiffeisen-Banking-Group Austria and is a subsidiary to Raiffeisen-Leasing GmbH in Austria .
neutral,"The Group 's consolidated net sales for 2009 totaled 1.5 billion euros and it employs approximately 10,000 persons ."
neutral,Altogether 150 subjects with mildly elevated cholesterol levels participated in the four-month long intervention .
neutral,The expanded plant is scheduled to be operational by the middle of October 2009 .
neutral,`` Printed fabrics and related design expertise have always been the core of Marimekko 's business and brand .
neutral,"The estimated value of the contract is EUR12 .4 m. Vaisala , headquartered in Helsinki in Finland , develops and manufactures electronic measurement systems for meteorology , environmental sciences , traffic and industry ."
neutral,Filmiteollisuus Fine Ab will be transferred to Talentum Oyj in the form of a subsidiary .
neutral,"The technology will become available to businesses from the fourth quarter , Nokia said ."
neutral,R&D Loan ) .
neutral,Pharmaceuticals - Spain This brand-new market analysis gives a clear overview of the actual situation and future outlook of the pharmaceutical market in Spain .
neutral,The company 's model is based on developer contracting construction projects and customer focused project management .
neutral,"Currently the Terminator lures are produced in a subcontract facility in Mexico but the manufacturing will be transferred to Rapala 's factory in Shenzhen , China ."
neutral,Increase in the number of shares is based on the option rights which were granted to the management of the company under the stock option plan 2006 .
neutral,"Talvik says the relocation of application programs on servers will continue , while HP servers were approved because of HP supplying a tailor-made solution to Elisa ."
neutral,"Weber convinced his friend Ray Ostrom , who owned a Lake Street sporting goods store , to sell the lures ."
neutral,"The composite body is coated with a hard coating layer produced by thermal spraying , and the coating is ground . ''"
neutral,"NORDIC BUSINESS REPORT-17 January 2006-Efore Plc inaugurates new plant in Estonia -_ 1998-2006 M2 COMMUNICATIONS LTD Finnish power electronics manufacturer Efore Plc said on Tuesday ( 17 January ) that it was inaugurating its new plant in Parnu , Estonia ."
neutral,Upon completion of the sale Proha would get some USD12 .7 m for its stake in Artemis .
neutral,"Cencorp , headquartered in Virkkala , Finland , develops and supplies automation solutions to the electronics and semiconductor industry that enhance productivity ."
neutral,"Creating interfaces that are more similar to interactions in the real world can enable experiences that are more natural and intuitive , in the same way that modern games and movies are more immersive through the use of realistic 3-D graphics ."
neutral,"During the past 10 years the factory has produced many of Nokia 's most popular models including the Nokia 2760 , the Nokia 6300 as well as Nokia 's latest music device the Nokia 5800 Express Music ."
neutral,The employee negotiations are to address measures needed to adjust the operations to the present production situation .
neutral,"Also in Latvia , we act as a partner for bakery customers in both production and product development ."
neutral,U.S. District Judge Douglas P. Woodlock yesterday extended a Jan. 17 temporary restraining order until March 7 .
neutral,"Tulikivi manufactures heat-retaining , soapstone and ceramic fireplaces , as well as natural stone products and utility ceramics ."
neutral,"After the sale , Outokumpu 's share of the technology unit will be reduced to some 12-20 percent ."
neutral,It posted a turnover of 4.5 mln euro $ 6.1 mln and an operating profit of 1.5 mln euro $ 2.0 mln for 2006 .
neutral,"According to CapMan Plc 's Corporate Governance , the majority of the committees ' members shall be independent of the Company ."
neutral,"The company said Offshore segment represented 43 % of the total marine engines orders for the July-September 2010 period , Merchant 33 % , Special vessels 18 % , and Cruise and Ferry , and Ship Design -- 2 % and 3 % , respectively ."
neutral,Investment management and investment advisory services are the company 's sole line of business .
neutral,Work on the assignment has already started and is due for completion in spring 2011 .
neutral,Panostaja is a financially secure Finnish multi-field corporation that creates healthy companies and company entities .
neutral,Finnish construction company Lemminkainen Oyj HEL : LEM1S said yesterday that it would build a plastic film extrusion plant for packaging materials supplier Ab Rani Plast Oy at Lemminkainen 's Kaluga industrial park in Russia .
neutral,"The manager is critical of politicians ' failure to differentiate between beleaguered European financial institutions and Skandinavian banks , `` which sailed through the crisis without issues '' ."
neutral,Finnish property investment company Citycon plans to issue directed subordinated convertible bonds to institutional investors .
neutral,The value of this kind of order amounts usually between Euro 2 and 3 million .
neutral,"Investments span across various product and investment types , including retail , hospitality , office , and residential , with interests in real-estate portfolios , non-performing loans and corporate restructurings ."
neutral,Both sources said Nokia would unveil its new phone code-named `` Tube '' on Oct. 2 at an analyst and media event in London .
neutral,"As part of the reorganisation , Pohjola Insurance 's 250 field staff for private customers will join the payroll of local cooperative banks from the beginning of October 2008 ."
neutral,He will report to CapMan Plc 's CEO Heikki Westerlund .
neutral,CapMan made its initial investment in OneMed in June 2006 .
neutral,"In today s business , you have to pre-empt what consumers want , said Mohammed Zainalabedin , General Manager , Zain Bahrain ."
neutral,"The company will use the money for product development and research activities through 2013 in its key markets Finland , Germany , Italy and France ."
neutral,"It is necessary to strengthen the company 's operations , however ."
neutral,"HUHTAMAKI OYJ STOCK EXCHANGE RELEASE , 16.9.2008 AT 13.32 Huhtamaki 's Capital Markets Day for institutional investors and analysts is held in Espoo , September 16 , 2008 starting at 13.30 pm Finnish time ."
neutral,"LEED is an internationally recognized green building certification system , developed by the U.S. Green Building Council ."
neutral,The unit is planned to be operational during the second half of 2007 and in full stream in 2008 .
neutral,"Componenta has production lines for similar-sized products at Karkkila in Finland , at Weert in the Netherlands and at Orhangazi in Turkey , and these had a combined output of approximately 100,000 tonnes and net sales of EUR 135 million in 2007 ."
neutral,"HELSINKI AFX - Cargotec said it has bought a 95 pct stake in Indital Construction Machinery Ltd , a Bangalore-based company that makes fork lift trucks and mobile cranes , for an undisclosed sum ."
neutral,"The chain has been trying to cut its own costs , pressuring vendors such as fitness equipment manufacturer Precor to slash prices ."
neutral,The expansion will be delivered in the fourth quarter of 2006 .
neutral,"Under the plan , which CSES worked out together with Public Policy Management Institute ( PPMI ) and other partners , buildings with a total area of 10,000 square meters should be built on the territory in the first phase ."
neutral,TELECOMWORLDWIRE-7 April 2006-TJ Group Plc sells stake in Morning Digital Design Oy Finnish IT company TJ Group Plc said on Friday 7 April that it had signed an agreement on selling its shares of Morning Digital Design Oy to Edita Oyj .
neutral,"This order , when delivered , will bring the total output of electricity in Italy generated by Wartsila equipment to more than 1,300 MW ."
neutral,"The company serves customers in various industries , including process and resources , industrial machinery , architecture , building , construction , electrical , transportation , electronics , chemical , petrochemical , energy , and information technology , as well as catering and households ."
neutral,"The area will also include some central buildings , and Honkarakenne has started negotiations on their delivery ."
neutral,"The bank also expects additional costs , related to the Dash 8 - Q400 jets , which the group shelved in October 2007 ."
neutral,"Kaleva Kustannus Oy ( business ID 0187274-0 ) has , according to its notice , on 10 August 2009 acquired 4,458,000 Alma Media shares ."
neutral,BG Crane has a strong customer base in the on-road load handling and related installation and service businesses .
neutral,Aldata to Share Space Optimization Vision at Apollo User Group and 2009 Category Management Association Conferences ; Company Will Unveil New Solution that Combines Business Intelligence with Space Planning Data at Conferences
neutral,"The firm 's UK head office is in Rugby Road , Lutterworth ."
neutral,NWC ANALYSIS :
neutral,Around 250 of these reductions will be implemented through pension arrangements .
neutral,"The company is now withdrawing the second part , EUR 7.2 mn , of the investment commitment ."
neutral,"A total of 131000 Talvivaara Mining Company Plc 's new shares were subscribed for during the period between May 1 , 2010 and June 30 , 2010 under the company 's stock option rights 2007A ."
neutral,It has some 30 offices worldwide and more than 90 pct of its net sales are generated outside Finland .
neutral,Europe needs 17 new large paper machines .
neutral,The value of the orders is about EUR 70mn .
neutral,"Besides , as there is no depositor preference in Finland , senior debt and deposits rank on a par , which is also taken into consideration , the agency added ."
neutral,"Steek , which was set up in 2002 , is based in Bordeaux , southwestern France ."
neutral,"Remote Phone Management demonstrates SysOpen Digia 's unique end-to-end offering for operators , handset manufacturers and enterprise customers ."
neutral,The new B shares carry the right to dividend and other shareholder rights with effect from today .
neutral,It is hand-painted resin with real 14-0 trebles and is 75cm long by 25cm deep from top to bottom of the middle hook .
neutral,"The record date for dividend distribution is March 14 , 2008 ."
neutral,"It will be operated by Nokia , and supported by its Nokia NetAct network and service management system ."
neutral,"In 2006 the company 's net sales amounted to approximately EUR259m and it has some 8,000 employees ."
neutral,"The port facilities ' throughput is 250,000 TEUs and 7.5 mln tons of general cargo ."
neutral,"The subject of the project is provide to the company like : Software programming and consultancy services , Computer-related services , Data services , Computer support and consultancy services , Internet services etc. ."
neutral,"ALEXANDRIA , Va. , Oct. 3 -- Markka A. Oksanen and Harald Kaaja , both of Helsinki , Finland , Juha Salokannel of Kangasala , Finland , and Arto Palin of Viiala , Finland , have developed a system for providing communications security ."
neutral,Sanoma Magazines International will invite other shareholders holding approximately 15 % of the shares to sell their shares .
neutral,"GENEVA , Feb. 10 -- Tero Aaltonen , Finland has developed a radio resource control method ."
neutral,A. Le Coq had a market share of 41.3 percent and rival beverage group Saku 32.1 percent .
neutral,The owners who have participated in the business operations of the company will continue in Poyry 's employment after the transaction .
neutral,"Of the company 's net sales , 38 % was acquired in Finland , 21 % in other European countries , 40 % in Asia , and 1 % in the US ."
neutral,"A structures BIM ( building information modeling ) software from Tekla , a model-based software provider , has been adopted for the construction management and delivery of a university project in Abu Dhabi ."
neutral,"The Filter Tips cover the volume range from 0.1-1200 -ðl including new sizes for 10 , 20 , 100-120 , 200 , 300 , 1000 and 1200 -ðl volume capacities ."
neutral,"The total value of the agreement is USD4 .0 m , the company said ."
neutral,Operating profit for the quarter April-June 2006 amounted to EUR42 .9 m on net sales of EUR156 .3 m.
neutral,"MANAVIGATOR-November 1 , 2010-Deal snapshot : SWEDISH PEAB BUYS EQUIPMENT RENTAL FIRM CRAMO Swedish construction company Peab AB ( STO : PEAB B ) announced the acquisition of equipment rental company Cramo Entreprenadmaskiner AB from Finnish group Cramo Oyj ( HEL : CRA1V ) ."
neutral,The company 's operating profit for 2006 stood at 39.6 mln euro ( $ 57.9 mln ) .
neutral,"Altona stated that the private company of Altona chairman Kevin Maloney , Tulla Resources , would take up its entitlement in full ."
neutral,"According to Finnish financial services group Sampo 's CEO , Bj+¦rn Wahlroos , Danish Danske Bank 's acquisition of Sampo Bank for EUR 4bn was the largest cash deal in Finland 's economic history ."
neutral,"Digia will also set up two subsidiaries , Digia Norway AS and Digia USA Inc. ."
neutral,"M-real , which is part of Finnish paper maker Metsaliitto Group , is due to release its second-quarter report at around 12:00 EET on 5 August 2010 ."
neutral,"In addition to its stake in MegaFon , Telecominvest currently owns 100 % of shares in Web Plus and St. Petersburg Payphones , 51 % in telecom equipment producer Peter-Servis and a number of other minor assets ."
neutral,"As part of the transaction , the +_+Ænekoski paper mill remained in M-real 's ownership and continued Galerie Art production for Sappi under a long-term contract ."
neutral,"Rautalinko was resposnible also for Mobility Services , and his job in this division will be continued by Marek Hintze ."
neutral,"Sampo Housing Loan Bank , a unit of Finland 's Sampo Bank , has priced its EUR1bn ( USD1 .3 bn ) bond at 99.889 % , Reuters reported ."
neutral,The invention carries International Patent Publication No. .
neutral,Basware Business Transactions Service enables the customer to receive and send invoices in an electronic format .
neutral,Finnish food industry company L+Ænnen Tehtaat is planning changes to its fish product business .
neutral,Ahlstrom 's share is quoted on the NASDAQ OMX Helsinki .
neutral,"In addition , we will launch a versatile online service to complete the traditional printed newspaper , Mr. Valkama says ."
neutral,"Compared with the FTSE 100 index , which fell 35.2 points ( or 0.6 % ) on the day , this was a relative price change of 0.6 % ."
neutral,"FinancialWire tm is a fully independent , proprietary news wire service ."
neutral,Stichting Pensioenfonds ABP : 4 118 122 shares representing 5.19 % of the share capital and voting rights .
neutral,"GS Engineering will install the valves at a liquefied natural gas LNG plant it has built for UAE LNG extraction and gas plants operator GASCO in Ruwais , UAE ."
neutral,"Fiskars is also engaged in the global supply of marine and energy equipment solutions and services through its associated company , Wartsila Corporation ."
neutral,Nokia has enough users to do just as well .
neutral,"The Committee proposes the following remuneration : a monthly remuneration of EUR 5,000 for the Chairman , EUR 3,500 for the Deputy Chairman , and EUR 2,500 for the other Board members ."
neutral,"After completion of the acquisition , Poyry 's oil and gas expertise will cover multi-discipline engineering and consulting services across the complete oil and gas asset lifecycle , including deepwater engineering services ."
neutral,"The relocation of Ragot has already started and will be completed in the next few weeks , with the Waterqueen and Tortue moves planned for mid-2008 and VMC Europe during the third quarter of 2008 ."
neutral,Finnish Talvivaara Mining Co HEL : TLV1V said Thursday it had picked BofA Merrill Lynch and JPMorgan NYSE : JPM as joint bookrunners of its planned issue of convertible notes worth up to EUR250m USD332m .
neutral,"Financial Statements include the consolidated financial statements of the Group , the Board of Directors ' Report , the Auditors ' Report and the Corporate Governance Statement ."
neutral,"Upon establishment , the plan is directed to approximately 20 persons ."
neutral,Karppinen expects the consolidation trend to continue in the Finnish market .
neutral,"The Lemminkainen Group , headquartered in Helsinki , Finland , operates in all sectors of the construction industry : civil engineering , building contracting , technical building services and the building materials industry ."
neutral,`` Serving customers locally is one of the cornerstones of customer focus for us .
neutral,As a consequence of the merger the number of administration personnel at the factories will be reduced by six .
neutral,The customer is cooperative retailer Osuuskauppa Suur-Savo .
neutral,Renesas Mobile Europe Ltd has approximately 470 employees in Oulu .
neutral,"Altogether CapMan employs approximately 150 people in Helsinki , Stockholm , Copenhagen , Oslo , Moscow and Luxembourg ."
neutral,Upon completion of the deal Panostaja will establish a new business area within the group to focus on heat treatment of metals .
neutral,"We know that it exists , '' Artemyev said ."
neutral,"Rimvesta is now controlled by the Estonian-owned real estate development company ELL Nekilnojamas Turtas , which a member of Merko , the largest construction group in the Baltic countries ."
neutral,"The company can not give up palm oil altogether , however ."
neutral,Veracel is preparing an appeal in the issue and has asked the court for clarification of the judgement .
neutral,"A In August 2007 , Latvijas Finieris ordered all production lines for a new green veneer mill to be built in Ukmerge , central Lithuania ."
neutral,"The company is involved in the the sale of financial products including insurance , mortgages , car and personal loans , financial brokerage and equipment finance leasing ."
neutral,He said : `` It is for sale again and we will be actively marketing it .
neutral,"Under the agreement , Pfizer has been funding Biotie 's research activities on the PDE10 phosphodiesterase 10 inhibitor program since its start in late 2006 and has the sole authority to develop discovered compounds ."
neutral,"After the transaction , Herttaassa 's holding in Alma Media has fallen below the flagging limit of 5 % ."
neutral,The company is listed on the Nordic Exchange in Helsinki .
neutral,Saunalahti is a part of the Elisa group .
neutral,"The study evaluated the safety , tolerability and pharmacokinetics of repeated doses of intravenously administered antibody in 26 patients with active plaque psoriasis ."
neutral,The company expects sales revenue of RMB8 .0 billion in 2009 .
neutral,"Approximately SEK 166 million in repayments has been demanded for overcharging in the Stockholm area , with the remaining SEK 87 million taken from the Western coast , the inspectorate said ."
neutral,"The business area has operations in Finland , Sweden , Denmark , Estonia , Latvia and Lithuania ."
neutral,National sponsors for The Big Read include National Endowment for the Arts in cooperation with the Institute of Museum and Library Services and Arts Midwest .
neutral,"Goodwill and other intangible assets account for some 2.0 mln euro ( $ 2.6 mln ) of the purchase price , 20 pct of which payable in Aspo shares ."
neutral,Scandic Feed will also diversify Tosno 's product portfolio further .
neutral,The technology park will be built near St. Petersburg-based Pulkovo airport .
neutral,"In Finland , export industry forms a large clientele for the packaging industry ."
neutral,One of the headboxes will be equipped with a modern consistency control system to ensure cross machine profile of the plasterboard .
neutral,"The 718,430 new Series A shares will become subject to trading on the Helsinki Stock Exchange 's Main List , together with the old Series A shares , on July 3 , 2006 ."
neutral,"According to Finnish FIM Bank , Alpro 's price would be around EUR 100mn-150mn ."
neutral,"BasWare is headquartered in Espoo , Finland ."
neutral,Nordea was the cheapest also for a couple in their 30s with debt .
neutral,"Vaisala Oyj Stock exchange release 26.03.2010 klo 09.00 1 ( 1 ) The Annual General Meeting of Vaisala Oyj decided on March 25 , 2010 to approve the Company 's annual accounts for 2009 ."
neutral,"The firm 's services include copying , printing , CAD-modelling , digital printing , scanning , SokoPro project bank and courier services ."
neutral,The value of the multi-year agreement is over EUR 2mn a year .
neutral,"Fortum expects its annual capital expenditure in the next four to five years to be within a range of EUR 0.8-1 .2 billion , as earlier announced ."
neutral,"ALEXANDRIA , Va. , March 28 -- Pertti Salmi and Hanna Vuolteenaho , both of Oulu , Finland , and Sami Viitasaari of Ii , Finland , have developed an ornamental design for a handset , the U.S. Patent & Trademark Office announced ."
neutral,"Nordea Pankki Suomi Oyj , according to previously announced , has made forward contracts on Alma Media Corporation shares ."
neutral,"CapMan , with offices in Helsinki , Stockholm , Copenhagen and Oslo , manages Nordic buyout , mezzanine , technology , life science and real estate funds with approximately EUR2 .6 bn in total capital ."
neutral,"The mall is part of the Baltic Pearl development project in the city of St Petersburg , where Baltic Pearl CJSC , a subsidiary of Shanghai Foreign Joint Investment Company , is developing homes for 35,000 people ."
neutral,The contract is worth some EUR 1 million .
neutral,"Ruukki 's delivery includes steel structures , including installation , for Krakeroy bascule bridge and steel piles for the bridge foundations ."
neutral,The oil shale feeder-supply solution will deliver crushed oil shale to the shale oil refinery already in operation as well as to the novel Enefit-280 shale oil technology processing plant .
neutral,Philips was not available to comment on the report .
neutral,"Mr. Atul Chopra , Chief Operating Officer & President , Tecnotree elaborated '' I am eager to see the continued success of the former Tecnomen , bringing Lifetree product to MENA , under the Tecnotree umbrella ."
neutral,Mr. Doring has been with Eaton since 1989 and acted as the Business Unit Manager for Eaton 's Power Controls Business Unit since January 2007 .
neutral,"Cablevision Systems Corp. CVC Their Madison Square Garden division owns and operates the New York Knickerbockers basketball team ; they also own the Madison Square Garden Arena , the New York Rangers hockey team , the New York Liberty women 's basketball team , and the Hartford Wolf Pack hockey team ."
neutral,There are no substitutes to AC drives .
neutral,"In Penttil+Æ 's vision , the most important reason for the transaction is Russia ."
neutral,"It operates under three distinct brands : United Supermarkets , Market Street and United Supermercado ."
neutral,Under the agreement Ponsse will provide forest machine maintenance services to Stora Enso 's Russian wood procurement operations .
neutral,"Cramo 's manager Jarmo Laasanen said hiring of equipment and machinery in Lithuania differs from the other Baltic countries in that in Lithuania still many public structures such as roads , bridges , airports and shops are being built ."
neutral,Protalix has $ 42 million in cash and no sales .
neutral,"As with other stakeholders , COMPTEL has been involved in the workshops , meetings and filed comments on the issues of greatest importance to the competitive sector of our industry ."
neutral,"The end-to-end delivery combines the competencies and services from TietoEnators Telecom & Media , Processing & Network and Digital Innovations Business Areas ."
neutral,No pricing details were disclosed .
neutral,The increase range will vary up to 10 % .
neutral,Valmet Automotive reports net sales of EUR 85mn and operating profit of EUR 8mn .
neutral,Affecto has helped SKAT to set up the platform and has previously delivered several Business Intelligence projects for SKAT .
neutral,The acquisition is part of Ramirent 's Central and Eastern European growth strategy .
neutral,"mr Bakman sees also expansion options on the Tallinn-Helisnki link , claiming however , that operating the link with only a single ship is not enough ."
neutral,"shock phase ' , consumers have once again started to plan and implement building projects ."
neutral,"However , two of the previously ordered sets will start producing electricity at the end of October 2010 , it said ."
neutral,"`` The enterprise value of the Fray Bentos pulp mill and Forestal Oriental totals approximately euro1 .6 billion , '' UPM said ."
neutral,"A Flurry Analytics spokesperson said that , as it was only measuring Windows Phone 7 data for some weeks , the firm double-checked the data to make sure the 66 per cent rise was not an aberration ."
neutral,"The company will disclose further details , including the anticipated transaction timetable and the name of the new investor , within one week ."
neutral,hu will offer a further discount of between 25 % and 50 % on selected books .
neutral,"According to Rautaruukki , the company wants to promote the use of emission-free energy sources ."
neutral,"Neste Oil Corporation is a refining and marketing company concentrating on clean , high-quality traffic fuels ."
neutral,GenVec is a biopharmaceutical company developing novel therapeutic drugs and vaccines .
neutral,The acquisition of AVC Systemhaus and the majority stake in Cableway will increase the number of Teleste personnel by 250 .
neutral,Incap Corporation Stock Exchange Release 4 May 2010 at 8.30 a.m. INCAP CORPORATION 'S DIRECTED SHARE ISSUE WAS SUBSCRIBED IN FULL The Board of Incap Corporation has approved the subscriptions of directed share issue .
neutral,All Amer Sports companies develop and manufacture technically advanced products that improve the performance of active sports participants .
neutral,Nordea will coordinate the syndicated loan .
neutral,The MET is located in the Central Business District ( CBD ) of Bangkok .
neutral,"Currently , 95 % of Trainers House 's revenues are attributed to the Finnish market ."
neutral,The Engines in Asia-Pacific industry profile is an essential resource for top-level data and analysis covering the engines industry .
neutral,"Linde acts responsibly towards its shareholders , business partners , employees , society and the environment - in every one of its business areas , regions and locations across the globe ."
neutral,"The maximum obligated total trades per day is ISK 400,000,000 market value ."
neutral,The winner does not have to be present to win .
neutral,"1 p.m. Central office of Nordea Bank 19 3-ya ulitsa Yamskogo Polya , Building 1 Telephone : 495 777-34-77 ext. 3932 , 3931 03.02.2011 Unimilk - EGM 03-04 .02.2011 XVI international business-summit Food Business Russia 2011 will take place ."
neutral,"The company operates a U.S. division in Lisle , Ill. ."
neutral,Joint procurement will be later extended to the factories in the Baltic countries .
neutral,The devices also contains Finnair 's own application for compiling customer feed-back and ideas for product development .
neutral,The business to be divested generates consolidated net sales of EUR 60 million annually and currently has some 640 employees .
neutral,"The contract incorporates a Convergent Charging rating solution for voice and data , which includes Internet , GPRS , SMS , MMS and WAP ."
neutral,"In terms of power generation , Fortum produced 39.3 TWh of electricity during the first nine months of 2006 , compared with 38.0 TWh during the same period in 2005 , according to figures released in the group 's latest financial results ."
neutral,Microsoft last week also issued the first patch for the Windows 7 operating system beta it had released days earlier .
neutral,"FL Group 's private equity division manages all operating companies , including Icelandair Group , FL Travel Group , Bluebird and Sterling ."
neutral,"Eero Katajavuori , currently Group Vice President , Human Resources , will take a year-long sabbatical starting from October 1 , 2010 ."
neutral,"The construction of a large woodworking facility in the Sheksna district of the Vologda Region , in northwest Russia , will begin in 2009 , and the plant will start production in 2011 ."
neutral,"Aug. 17 , 2010 ( Curbed delivered by Newstex ) -- And now , the latest from Racked , covering shopping and retail from the sidewalks up ."
neutral,"Amer , which bought Salomon from adidas in October , said the job cuts are aimed at boosting competitiveness ."
neutral,The Extraordinary General Meeting is expected to take place no later than 18 February 2011 .
neutral,"FinancialWire ( tm ) , in cooperation with the Investrend Broadcast Syndicate , also provides complete , daily conference call and webcast schedules as a service to shareholders and investors via the FirstAlert ( tm ) Networks oeFirstAlert ( tm ) Daily ."
neutral,The order is related to renewing the network of the telecommunications operator .
neutral,"The 10,000-odd square metre plot that Stockmann has bought for the Nevsky Center shopping center is located on Nevsky Prospect , St Petersburg 's high street , next to the Vosstaniya Square underground station , in the immediate vicinity of Moscow Station ."
neutral,The changes in readership were not significant .
neutral,STUK today is a full service house expert in radiation and nuclear safety issues .
neutral,Affecto has participated in the program for the development of the Norwegian pension system since 2007 .
neutral,"`` Subscribers can browse free numbers with their handset , and select the numbers , packages and services they prefer when activating the phone ."
neutral,"The company can be split into two parts over the coming months , with Essent owning and operating production and supply , and Enexis owning and operating the grid ."
neutral,"In Asia earlier , Japan 's Nikkei index fell 0.62 percent and Hong Kong 's Hang Seng Index rose 0.56 percent ."
neutral,"The repo rate will gradually reach 2 % at the end of 2010 , according to Nordea 's Economic Outlook ."
neutral,hybrid bond 18 January 2010 - Finnish IT consultancy Trainers ' House Oyj HEL : TRH1V said last Friday it resolved to issue a EUR5m hybrid bond to domestic investors in a bid to strengthen its capital structure .
neutral,"The business units of the InvestLesProm Group cover the full forest industry chain , and the Group owns forests , sawmills , paper and pulp mills , and other processing plants ."
neutral,Other potential clients include public administration organizations investing in utility networks and services .
neutral,"Mr Ashley , deputy executive chairman of Sports Direct , sold a 43pc stake in the company for more than pounds 900m at the time of the float ."
neutral,Payment of shares shall be effected on subscription .
neutral,"We serve a broad range of customers , including construction and process industries , shipyards , the public sector and households ."
neutral,"Our solutions are fully Arabized , and our message is that we want to become the IT partner of choice for businesses in the Near-East region ."
neutral,J+Ærvi-Suomen Portti is also planning to reduce the use of sodium nitrite .
neutral,It moved into the No. 2 spot in 2000 when it merged steel operations with Avesta Sheffield to form AvestaPolarit .
neutral,All depends on financing .
neutral,"Baltic Pearl CJSC , a subsidiary of Shanghai Foreign Joint Investment Company , is developing a project in St Petersburg , comprising about a million square meters of residential space , two hospitals and several schools and nurseries ."
neutral,Eriikka S+¦derstr+¦m has previously held several positions in finance and control at Nokia Networks including acting as the Business Group Controller and having the corporate controller position at Nokia Siemens Networks .
neutral,"The natural source of isoprene is the tree species Hevea brasiliensis , also known as the rubber tree ."
neutral,"HKScan is one of the leading food companies in northern Europe with homemarkets in Finland , Sweden , the Baltic countries and Poland ."
neutral,"The money will be spread mainly over 2011 and 2012 , the company said ."
neutral,"The company is headquartered in Sievi , Finland , and is listed on the Nordic Exchange in Helsinki ."
neutral,"Prior to the transaction , whose financial terms have not been disclosed , Alma Media owned 40 % of Kotikokki net ."
neutral,( A spokesperson told WWD to expect a 50-50 mix of clothing and home decor . )
neutral,Part of the reductions will be made through retirement arrangements .
neutral,Efore has decided to establish a company for eletric vehicle ( EV ) business in China .
neutral,The company 's equipment rental portfolio consists primarily of tools for small and mid-sized customers in the construction industry .
neutral,The price will be specified at the completion date .
neutral,"As a result of the cancellation , the maximum increase of Citycon 's share capital on the basis of the convertible bonds decreased from EUR 23,383,927.80 to EUR 22,901,784.75 ."
neutral,"`` Thanks to my Nokia and Lulu , I am now proud to be a published His novel can be found here ."
neutral,Net profit in the same period in 2006 was 36.6 million euros .
neutral,Financial terms were n't disclosed .
neutral,According to the announcement of the Helsinki Stock Exchange the share of Sentera shall be delisted from the NM-list of the Helsinki Stock Exchange accordingly .
neutral,Vacon 's office will support its customers in Brazil and South America .
neutral,"The Company operates through four principal divisions : Consumer Packaging ; Office Papers ; Speciality Papers , as well as Market Pulp and Energy ."
neutral,We offer our customers solutions based on renewable raw materials .
neutral,"LKAB , headquartered in Lulea , Sweden , is a high-tech mining company producing upgraded iron ore products for the steel industry ."
neutral,The Moscow Metro ( www.mosmetro.ru ) was the first metro system in Europe to implement smart cards together with a new type of magnetic card in 1998 .
neutral,The impact on TietoEnator 's net sales for 2008 from the purchase is expected to be some 11 mln euro $ 15.9 mln .
neutral,Kaupthing Bank will publish its annual results for 2007 before markets open on Thursday 31 January .
neutral,"Nurminen Logistics provides high-quality logistics services , such as railway transports , terminal services , forwarding , special and heavy transports and medical transports ."
neutral,"The plant will go on stream in November 2008 and its estimated daily production will be 120,000 litres of bioethanol ."
neutral,Mobile data transfer is expected to increase explosively in the LTE era .
neutral,As a consequence the Works Council had withdrawn its petition to suspend the reorganisation .
neutral,The share subscription period for stock options 2007A is between 1 April 2010 and 31 March 2012 .
neutral,"The guidance has been set at 90 basis points over mid-swaps , the report said ."
neutral,"At the moment , there are approximately 20 Vianor sales offices in Russia ."
neutral,"treatment products in Usa , Canada , Mexico , Australia and Brazil Today , Global Research & Data Services is going to publish several market analyses about the markets for water treatment products in some selected countries ."
neutral,"Tekla 's software solutions make customers ' core processes more effective in building and construction , energy distribution , infrastructure management and water supply ."
neutral,"When the product is manufactured in Finland , it is also packed in the country ."
neutral,"The total restructuring costs are expected to be about EUR 30mn , of which EUR 13.5 mn was booked in December 2008 ."
neutral,"Its customers include local companies Slo Oy , Kiilto Oy , Toptronics Oy , Normark Suomi Oy , Pellonpaja Oy and Mansner Oy ."
neutral,Ruukki is restructuring commercial and industrial construction operations in pursuit of permanent improvements whilst adjusting operations to market conditions .
neutral,The Finnish textiles and clothing company Marimekko Corporation ( OMX Helsinki : MMO1V ) reported on Wednesday ( 5 November ) an operating profit of EUR8 .1 m on net sales of EUR59m for the period from January to September 2008 .
neutral,"The plant is scheduled for completion in late February 2007 with hand over of some areas in January Two other suppliers of Nokia - Aspocomp Group Oyj and Perlos - have announced their plans to establish plants within the Nokia complex Together , they will invest Rs 365 crore ."
neutral,"CHS Expo Freight is a major Finnish fair , exhibition and culture logistics company that provides logistics services to various events by land , air and sea ."
neutral,Also Chile is an important market area for forest machine companies .
neutral,The solvency capital ratio of both companies was 2.7 times the solvency limit .
neutral,The lay-offs will start gradually and will last from one to six weeks .
neutral,The order was worth EUR 8mn .
neutral,The value of the orders is over EUR 10mn .
neutral,"The evidentiary hearing in the Investigation is scheduled for April 21 - May 1 , 2008 ."
neutral,"In January-September 2007 , operating profit totaled EUR 20.5 mn ."
neutral,- Profit before taxes was EUR 105.9 82.7 million .
neutral,"Neste Oil will publish its third quarter 2008 results on Friday , 24 October 2008 at approximately 9 am ( EET ) ."
neutral,Mr Skogster currently serves as the manager responsible for ABB Oy 's system modules for low voltage drives .
neutral,"The shares subscribed for under the stock options were registered in the Trade Register on 20 January 2011 , as of which date the new shares will establish shareholder rights ."
neutral,The product 's front-edge folding maximizes weather resilience and enables a seamless roof finish .
neutral,"Ahlstrom Corporation Anne Pirila Director , Financial communications Distribution : Helsinki Stock Exchange Main media Ahlstrom in brief Ahlstrom is a leader in the development , manufacture and marketing of high performance fiber-based materials ."
neutral,M-real plans to discontinue production of standard coated fine paper in the Hallein and Gohrsm++hle mills .
neutral,"While the company did not indicate the level of investment in the unit , it said that has purchased the equipment of Nokia Corporation 's mobile phone R&D laboratory in Jyvaeskylae ."
neutral,"Outotec , headquartered in Espoo , Finland , is a leading provider of process solutions , technologies and services for the mining and metallurgical industries ."
neutral,"The new Kroksberg railway tunnel will be built on a new section of track between Harnosand and Veda , forming part of the line that follows the coast of the Gulf of Bothnia ."
neutral,The company plans to spend the proceeds from the rights offering for strengthening its balance sheet .
neutral,"The Web-Marela application handles invitations to quote , quote comparisons , agreements , purchases , invoice inspections , inventory management , and deliveries ."
neutral,An EU law on the issue may be introduced around 2010 .
neutral,"These products include Personal Communications products such as mobile phones and their parts , Home Communications products such as set-top boxes and electronics for flat panel TVs as well as Communications Networks products such as base-stations , tower-top amplifiers , and microwave systems ."
neutral,"Honkarakenne also decided yesterday to sell 88,500 of its B-series shares to key staff members for EUR 2.90 per share ."
neutral,The resignation will be in effect immediately .
neutral,Symphony Services provides development services for Aldata GOLD .
neutral,The original contract was signed last summer .
neutral,Finnish Raute Precision that supplies weighing and dosing systems and plants is changing its name to Lahti Precision .
neutral,"German Commerzbank AG 's Hamburg Branch and US JP Morgan ( NYSE : JPM ) participated as arrangers , and Dutch ING ( AMS : INGA ) as co-arranger ."
neutral,"The latest date for registration is on 4 April , 2006 ."
neutral,"In April 2005 , Neste separated from its parent company , Finnish energy company Fortum , and became listed on the Helsinki Stock Exchange ."
neutral,M+Ækel+Æ is demanding a new Board for the company as well as discussions on the merger of Alma media and media company Talentum .
neutral,Finnish beverage company Olvi is introducing a new long drink Olvi Kultalonkero ( `` golden long drink '' ) in the market in Finland in the spring of 2009 .
neutral,"For 2009 , net profit was EUR3m and the company paid a dividend of EUR1 .30 apiece ."
neutral,Finnish Benefon denies claims made in the press that the company is giving up its mobile handset business .
neutral,"Under Finnish law , Parliament grants licences to build nuclear power plants ."
neutral,The sellers were the founders of the company .
neutral,"With the government exempting certain stainless steel products from anti-dumping duties , Finland-based Outokumpu today said it will look to enter into supply pacts with the Indian Railways soon ."
neutral,"` It is a testament to the quality of our LTE solution and our commitment to the Japanese market ' , he added ."
neutral,Feed companies Suomen Rehu and Raisio do no import GMO feed .
neutral,Ahlstrom 's share is quoted on the NASDAQ OMX Helsinki .
neutral,"After piloting , the instrument will be further developed according to the experiences gained ."
neutral,Alfa group will have 43.9 % of voting stock in the new company and Telenor 35.4 % with a free float of 20.7 % .
neutral,About Dopplr Dopplr is a service for smart travellers .
neutral,"Risto Jalo , chief executive of Dormus Print and also owner of the remainder of the company , will keep his position after the acquisition ."
neutral,15 November 2010 - Finnish energy company Fortum Oyj HEL : FUM1V said today it and partners started negotiations to establish a new operating model for energy supply in the Turku region of western Finland .
neutral,"Following the demerger , the vice president of the group 's pharmaceutical trade in Finland , Jukka Niemi , will be appointed managing director of Oriola in addition to his current responsibilities ."
neutral,"Subscribers of China Unicom , the nation 's second largest mobile phone operator after China Mobile , are expected to release pictures , videos and blog on the Internet via mobile phones as of March 2008 ."
neutral,"The contract consists of a new building with an area of 18,000 sq m and renovation of the existing buildings ."
neutral,"In the Czech Republic , the profiling unit at Ostrava will be closed and the machinery will be relocated to Ruukki 's bigger plants in Hungary , Poland and Romania by the end of the first quarter of 2009 ."
neutral,Arena Partners Oy is a development company for electronic business .
neutral,"TVO 's two-unit 1,740 MW Olkiluoto plant generated 14.2 TWh with an operating ratio across both reactors of 93.5 % , which the company described as `` high by international standards '' ."
neutral,"The most important export markets are Norway , Germany , Russia and France ."
neutral,"The corresponding increase in the share capital , in total EUR 300,00 was registered in the Finnish Trade Register on May 8 , 2008 ."
neutral,"They are responsible for their own operations , customer relationships , and the development of these ."
neutral,"Body ES Vostok also owns stakes in power sales companies MosenergosbytBody ( RTS : MSSB ) ( 50.9 % ) , Altaienergosbyt ( 100 % ) , Saratovenergo ( RTS : SARE ) Body ( 48.36 % ) and Tambov Power Sales Company ( RTS : TASB ) ( 49.01 % ) , all ofBodywhich it received from the distribution balance ."
neutral,The deal was worth about EUR 1.2 mn .
neutral,Currently more than 100 of Global Fortune 500 companies are using SSH security solutions .
neutral,"HUHTAMAKI OYJ STOCK EXCHANGE RELEASE 16.12.2008 AT 09:30 Huhtamaki Oyj has resolved to clarify the Group structure by separating the Foodservice and Consumer Goods businesses in its production unit in Hameenlinna , Finland by transferring the businesses into its wholly owned subsidiaries ."
neutral,"The NTSB said investigators are set to conduct sight distance tests on July 18 , using trains similar to those involved in the accident ."
neutral,"The copying , republication or redistribution of AFX News Content , inculding by framing or similar means , is expressly prohibited without the prior written consent of AFX News ."
neutral,"Russia accounted for 9 % of the Lagardere magazine division 's revenue , or EUR 114.40 mn ( USD 148.11 mn ) in 2009 , the USA - for 18 % ."
neutral,"Founded in 1985 , Quatrocon 's clientele consists of public sector builders , central trading companies and major construction firms ."
neutral,"`` In Ukraine , too , we act as a partner for major bakery clients in both production and product development ."
neutral,The share subscription period will expire on 30 September 2007 .
neutral,"In Finland , the launch of tie-in sales of 3G mobile phones did not cause a dramatic rush in mobile retail outlets during the first few days ."
neutral,The report will be emailed within 2 business days of an order .
neutral,"Sponda is a property investment company , specialising in commercial properties in the largest cities in Finland and Russia ."
neutral,"With the Basware Connectivity services , companies gain visibility to an audit trail that can be traced from order to goods delivery and invoice ."
neutral,The company then said it will focus its resources on clinical research .
neutral,"The highest growth would be in China , while weakening demand would continue in North America , UPM said ."
neutral,"Finnish diversified holding company Aspo Oyj said on September 8 , 2008 that it will sell the Finnish tape business of its Kaukomarkkinat unit to local Oy Telpak Ab ."
neutral,"The Network Test Business is part of Elektrobit 's Test and Automation Business Segment and employs 39 people in Finland and 22 people abroad , mainly in the US and Asia ."
neutral,"Karachi , Sept. 14 -- Ixonos , a world leader in the development and integration of solutions for handheld devices , announced that it is implementing a touch screen mobile user interface solution for the Intel Atom processor Z6xx based smartphones ."
neutral,"The group intends to relocate warehouse and office space in Loudeac and Saint Marcel to Morvillars , in the east of the country , where it already operates a hook manufacturing and distribution unit ."
neutral,Okmetic has used the furnaces for the contract manufacturing of solar crystals .
neutral,The secondary antenna can also be used for reception of the high power signal of the radar to calibrate the transmission channels of the radar . ''
neutral,Runway Visual Range is a calculated assessment of the distance that a pilot can see down a runway .
neutral,"As the world leaders in developing UV technology for municipal wastewater , drinking water , and industrial water treatment systems , Trojan Technologies was a logical partner in providing W+Ærtsil+Æ with UV technology for ballast water treatment ."
neutral,"The latest result included per-share charges of 5 cents for stock compensation , 1 cent for research and development and 1 cent for strategic investments ."
neutral,"The devices would be launched in the Chinese market in late 2006 , the company said ."
neutral,"The company said that 80 % of the shares of the holding company will be sold to Meadville Holdings Limited , a Hong Kong listed parent company of the Meadville Group ."
neutral,"First Industrial will seek LEED designation for Uponor 's new building and a 282,000 square-foot speculative distribution center at First Park Lakeville ."
neutral,"A total of 15,000 new Citycon shares with a nominal value of EUR 1.35 per share were subscribed between 17 and 23 March 2006 exercising the A-B-C options based on the company 's stock option plan 1999 ."
neutral,Finnish beverage company Olvi is one of the last listed companies in Finland that has not yet published its financial result for the second quarter of 2009 .
neutral,"Oka specialises in new construction , renovation work of residential and non-residential building as well as premises for industrial and logistical use ."
neutral,"As previously announced , GeoSentric Oyj entered into financing agreements with its lead investor on June 30 , 2010 enabling the Company to receive financing up to the aggregate amount of 6M ."
neutral,The Symbian Foundation plans to revise its procedures for testing and signing software after digitally signing a trojan for its Symbian mobile phone operating system by mistake .
neutral,"As part of the agreement , Aspocomp will also give Meadville a 10 pct slice of a subsidiary operating in Oulu , Finland ."
neutral,"Vacon aims to establish its presence in the solar energy business in various parts of the world towards the end of 2010 , said Olli Teva , marketing director renewable energy applications ."
neutral,A meeting of Glisten shareholders to vote on the bid will be held on 12 March .
neutral,"Olvi 's target is to strengthen its market share in soft drinks , mineral waters , ciders , long drinks , and energy drinks ."
neutral,"Tip of the week Panfish like bluegills are great fun to catch , especially for children new to fishing ."
neutral,The Finnish company claims to have over a quarter of a million contented Tulikivi fireplace business and homeowners worldwide .
neutral,"An  of the invention , released by the Patent Office , said : `` The chambers are pressurized ."
neutral,"The parties have agreed not to disclose the price of the deal , the group said in a press release ."
neutral,"The company also appointed Leif Rosen head of the Special Plate unit which includes the quarto plate units in Degerfors , Sweden , and New Castle , USA , the unit in Willich , Germany , as well as Pressplate and Prefab in Avesta and Plate Service Centre Nordic in Degerfors ."
neutral,"Sales in local currencies decreased by 0.5 percent while the number of subscribers rose by 12.7 million to a total of 147.6 million at the end of fourth quarter , the company said ."
neutral,Finnish publishing and printing group Ilkka-Yhtym+Æ will introduced a staff smoking ban as of the beginning of 2007 at the company 's three newspapers .
neutral,"The Vuokatti unit will be developed to focus especially on the manufacture of prototypes , the ramp-up of new products and the demanding testing and after-sales services ."
neutral,"Construction work on the Helsinki Music Centre is to start this autumn , with the total cost of the project estimated at 140 million euros ."
neutral,Basic banking activities continued as normal .
neutral,"As earlier reported , Nokian Tyres is building a plant in the town of Vsevolozhsk in Russia 's Leningrad Region with an annual production capacity of 4 million tires ."
neutral,The plant is expected to enter commercial operation by mid-2009 .
neutral,"Since the registration of the shares subscribed in a directed share issue , the new number of Panostaja shares and voting rights is 41,733,110 ."
neutral,`` Rapala is excited to be partnering with RBFF and other industry leaders on this holiday promotion . ''
neutral,"Componenta is a metal sector company with international operations and production plants located in Finland , the Netherlands , Sweden and Turkey ."
neutral,Amanda said that it had already made a USD5 .0 m investment commitment in Russia Partners II fund in July 2005 .
neutral,There did not seem to be enough hours in a day for Pekkarinen .
neutral,"Outotec 's scope of delivery covers the engineering , supply of special equipment and services for a calcination plant with two circulating fluid bed calciners ."
neutral,Curators have divided their material into eight themes .
neutral,"The decision of the French Court relates to the claims raised by twenty-one former Aspocomp S.A.S employees , the company said ."
neutral,The contracts comprise turnkey orders for RoRo systems for two RoRo-cruise vessels under construction for Viking Line and Tallink .
neutral,N-Viro operates processing facilities independently as well as in partnership with municipalities .
neutral,"Metso will provide a recovery boiler with a capacity of 6,800 tonnes of dry solids per day and an evaporation plant with six thermal stages and a capacity of 1,600 tonnes per hour ."
neutral,"Founded in 1946 , Strand Associates , which provides civil , environmental , transportation , electrical and mechanical engineering services , has 350 employees at 10 offices in Wisconsin , Alabama , Illinois , Indiana , Kentucky and Ohio ."
neutral,"The Annual Report will be sent automatically to shareholders holding at least 2,000 Sampo plc shares ."
neutral,"Jon Risfelt has previously held operational executive positions in Europolitan , Ericsson , SAS , American Express card and travel divisions , as well as Nyman & Schultz ( CEO ) , Vodafone Sweden ( CEO ) , and Gambro Renal Products ( CEO ) ."
neutral,"The company 's board of directors will propose a dividend of EUR 0.95 per share for 2008 at the annual general meeting , scheduled to be held on March 23 , 2009 ."
neutral,"ADPnews - Dec 23 , 2009 - Norwegian financial services group SpareBank 1 Gruppen AS OSL : SBGRP said its board of directors appointed today Jarle Haug managing director of its claims collection subsidiary SpareBank 1 Gruppen Finans"
neutral,It is expected to be online by 2011 .
neutral,The purchase price was not disclosed .
neutral,Estimations indicate that even up to 170 different tablet computers or reading devices will be available in 2011 .
neutral,"In addition , YIT has reserved EPI Russia the right to expand the logistics center by about 100,000 m2 ."
neutral,"Aho is proud of the company 's new product , Lordi-Cola ."
neutral,Pertti Ervi is independent from the Company and its major shareholders .
neutral,The transaction is expected to be finalized by Dec 2009 .
neutral,Poyry is a global expert in consulting and engineering .
neutral,"Even so , Tulikivi emissions are well below some of the strictest state standards including Washington and Colorado ."
neutral,"GeoSentric is acquiring extra financing by issuing a maximum of 220,000 new shares and a convertible bond with subscription rights for 880,000 shares , which have been fully subscribed ."
neutral,"Sampo Group that has become a major shareholder in Nordea owns TrygVesta 's main competitor , If P & C Insurance ."
neutral,The name of the buyer was not disclosed .
neutral,The arrangements do not apply to the group 's units outside Finland .
neutral,"The contract also includes cutting and edging wagon parts at Ruukki 's steel service centres in Seinajoki and Raahe , from where they will be delivered to VR for welding and assembly ."
neutral,"After the split , the company would have 26,885,540 Series A shares and 9,540,000 Series K shares ."
neutral,Liora 's got a brand-new bag .
neutral,"`` Because we 're a pension insurance company , we 're required to diversify and not put too much in one asset class ."
neutral,International operations accounted for over 80 % of net sales .
neutral,The deal includes an option for Cramo to buy out the minority stake in 2011 .
neutral,"CapMan said the deal 's effect on its cash flow for 2009 totals EUR3 .4 m , but the transaction would not affect its financial results for 2009 as it was executed at fair value ."
neutral,"The company will also shut one paper machine in Finland and one in Austria , as well as two label paper machines in Finland for up to 10 months , Helsinki-based UPM said yesterday ."
neutral,The Swedish subsidiary holds 1.0 % net smelter return `` NSR '' royalties over two advanced copper projects in northern Sweden - the Viscaria and Adak Projects - being developed by Avalon Minerals Ltd. ASX : AVI .
neutral,"Uncertainties still exist , however ."
neutral,"According to statistics by the Finnish Maritime Administration , shipping did not increase much in January-August 2009 , however ."
neutral,The reductions will be concluded by autumn 2010 .
neutral,The company 's share is listed in the Mid Cap segment of the NASDAQ OMX Helsinki .
neutral,"A total of 38,244 new Citycon shares with a nominal value of EUR 1.35 per share were subscribed on 19 April exercising the A-B-C options based on the company 's stock option plan 1999 ."
neutral,The maximum number of new shares to be offered is 22 million .
neutral,Jon Risfelt is 49 years old holds a Master of Science in Chemical Engineering from the Swedish Royal Institute of Technology .
neutral,- Counter your competitor 's strengths and target their weaknesses .
neutral,Vacon recently announced plans to build its North American headquarters at 5 Business Park in Chambersburg .
neutral,The acquisition price was not disclosed .
neutral,"The company is also seeking possibilities to relocate the Luumaki personnel , some 50 people , to other UPM mills ."
neutral,"Crucially , the decision to use ETSI ( European Telecommunication Standard Institute ) - backed DVB-H adds to the growing list of operators and equipment manufacturers opting for the standard ( see Global : 20 January 2006 : Competing Technologies Vie for Mobile TV ) ."
neutral,The value of the deal is estimated at between SEK25m and SEK50m .
neutral,"Via the plant , the Belgian company will feed 8.4 MW of electricity into the distribution grid and will be able to deliver up to 14 MW of heat ."
neutral,The credit covers approximately 70 % of the ship 's price .
neutral,Also the development of online businesses will continue .
neutral,The company 's board of directors would propose a dividend of EUR1 .00 per share for 2005 .
neutral,"Secure your files online Like filling out a tax return , making a backup is boring ."
neutral,"After the transaction , Tikkurila has no powder coatings related operations ."
neutral,"MILAN ( AFX ) - The Italian shipping group Grimaldi has increased its stake in the Finnish company Finnlines to 35.4 pct from the 30.5 pct held in June , according to news agency ANSA ."
neutral,Choose from a Giant Countdown with red head or rainbow trout -- or the Giant Shad Rap in perch color .
neutral,"The Estonian beverages maker A. Le Coq today brought to the market a new premium class beer , A. Le Coq Special , investing 6 million kroons EUR 383,000 into its development and planning to sell three million liters of the beer during the next year ."
neutral,Dutch publisher De Vijver said today it has agreed to buy a 49 % stake in Belgian weekly magazine Humo from Finnish media company Sanoma HEL : SAA1V .
neutral,Wellness services will be important in the future .
neutral,`` Lemminkainen Talo Oy 's Lahti office is a significant logistics and business premises constructor .
positive,The company 's market share is continued to increase further .
positive,The solutions will be used for upgrading the networks of a Russian MSO in 37 different cities in Russia .
positive,Olvi has posted a strong set of figures for the first six months of this year .
positive,"Furthermore , our fully electrically driven cranes are environmentally friendly ."
positive,"The six breweries recorded a 5.2 percent growth in domestic beer sales last year to 270.21 million liters , from 256.88 million liters sold in 2005 ."
positive,"The Finnish government announced Wednesday that it sold a 32 percent stake in chemicals and fertilizer group Kemira Oyj for (  x20ac ) 655.6 million ( $ 890US million ) , sending the company 's share price up 6 percent ."
positive,Sales increased due to growing market rates and increased operations .
positive,"`` Neste Oil has responded to the challenge posed by the European Union 's target of biofuels accounting for 5.8 % of traffic fuel usage in the EU by 2010 by developing its NExBTL technology for producing diesel fuel from renewables , '' the federation said ."
positive,Finnish Vacon has signed significant deals with Norwegian Scandinavian Electric Systems ( SES ) on the supply of AC drives .
positive,"Thus the method will cut working costs , and will fasten the planning and building processes ."
positive,Unit costs for flight operations fell by 6.4 percent .
positive,"GeoSentric Oyj s GeoSolutions Business Unit GyPSii , the mobile digital lifestyle application and geo-mobility social networking platform , has signed an agreement with Nanjing MyNet to make the GyPSii mobile social networking platform available to customers of China Mobile ."
positive,The newly created position has been established to strengthen Amer Sports ' management in strategic planning and execution .
positive,"The airline has ordered nine Airbus A350-900 aircraft with deliveries from 2011 , and in doing so becomes the lead airline for the latest variant of Rolls-Royce Trent series engines , called the 1700 ."
positive,Sony Ericsson and Nokia dominated the list of best-selling handsets with five models each .
positive,NORDIC BUSINESS REPORT-26 June 2006-Metso Corporation wins EUR50m equipment order in Australia -_ 1998-2006 M2 COMMUNICATIONS LTD The Finnish engineering and technology group Metso Corporation said on Monday ( 26 June ) that it has received a EUR50m equipment order in Australia .
positive,Finnish Raisio ( Diagnostics ) is launching new DNA-based quick tests to ensure the safety of food .
positive,TELE2 Affarsvarlden gave a `` buy '' recommendation on mobile operator Tele2 AB and a share price target of 142 crowns ( $ 23.54 - 15.19 euro ) .
positive,"The apartment block will be well-located , in easy reach of the city center and close to both a school and kindergarten ."
positive,"The total delivery volume of paper businesses in 2010 was 1,155,000 tonnes , up from 1,132,000 tonnes in 2009 ."
positive,Singapore in May 2011 1 July 2010 - Finnish air carrier Finnair Oyj ( HEL : FIA1S ) said today it will open a daily route to Singapore on 30 May 2011 as part of its growth strategy in Asia .
positive,"In addition to Russia , we now seek additional growth in Ukraine ."
positive,The cooperation will double The Switch 's converter capacity .
positive,Both loans will be used to finance strategic investments such as shopping center redevelopment projects and refinancing of maturing debt .
positive,"`` This contract demonstrates our ability to apply our minerals and metals technologies in adjacent industries , such as oil shale processing ."
positive,`` This is a win for all OEMs targeting to develop WiMAX products .
positive,"Finnish financial software developer Basware Oyj said today it will provide its invoice automation ( IA ) solution to an unnamed major retail company in the USA in a deal , worth more than EUR300 ,000 ."
positive,Finnish Rautaruukki has been awarded a contract to supply and install steel superstructures for the Partihallsf+¦rbindelsen bridge in Gothenburg in Sweden .
positive,Operating profit improved to EUR 20.3 mn from EUR 11.4 mn .
positive,"In 2007 , Marimekko has also opened concept stores in Yokohama and Nagoya , central Japan , in Silver Spring in metropolitan Washington DC , USA , in Graz , central Austria , and in Aalborg , northern Denmark ."
positive,The company has committed to further expanding the Apollo portfolio .
positive,"Kalnapilio-Tauro Grupe ( Kalnapilis-Tauras Group ) , which is owned by Denmark 's Royal Unibrew , raised its market share to 25.2 percent from 23.91 percent , as beer sales for the nine months jumped by 11.4 percent to 52.99 million liters ."
positive,"Finland 's Nokian Tyres and Kazakhstan 's Ordabasy Corporation signed an agreement to build a plant in Astana to produce car tires , Ordabasy chairman Dinmukhamet Idrisov said at a press conference ."
positive,"The report provides a comprehensive insight into the company , including business structure and operations , executive biographies and key competitors ."
positive,"Finnish high technology provider Vaahto Group reports net sales of EUR 41.8 mn in the accounting period September 2007 - February 2008 , an increase of 11.2 % from a year earlier ."
positive,Finnish sports equipment maker Amer Sports Oyj ( HEL : AMEAS ) said today that its net loss narrowed to EUR 16.9 million ( USD 22.3 m ) in the second quarter of 2010 from EUR 23.2 million in the corresponding period a year earlier .
positive,Operating profit rose to EUR 3.2 mn from EUR 1.0 mn in the corresponding period in 2008 .
positive,The contracts have been signed to acquire uranium produced at the Sotkamo nickel-zinc mine in eastern Finland owned by Talvivaara .
positive,"`` I 'm happy with the outcome , '' Sneed said after the hearing ."
positive,"The broker has initiated both Palfinger AG and Konecranes OYJ with ` buy ' recommendations , with 51 and 42 eur price targets respectively ."
positive,This is the second successful effort for the financial investor this year .
positive,"Lule+_ municipality has awarded YIT a 2-year contract , for property management of about one third of the municipality 's properties , with a total area of 140,000 sq. metres ."
positive,Profit for the period increased from EUR 2.9 mn to EUR 10.5 mn .
positive,Mr Lee said he hoped that Neste 's move will ` pave the way for more collaboration projects between our two countries ' .
positive,The Finnish group anticipates a sales gain of EUR42m after tax and expenses .
positive,1 February 2011 - Finnish textile and clothing company Marimekko Oyj HEL : MMO1V said today its preliminary operating profit grew to EUR8 .2 m in 2010 from EUR6 .3 m in 2009 .
positive,The shopping center will have a prime location right next to the Myllypuro metro station .
positive,"There has been some recovery of the base metals prices and increased demand for metals in China , however ."
positive,Through this transaction we are able to participate in developing the industry .
positive,"Then , it said the contract was estimated to contribute more than EUR150m to its net sales in 2010 ."
positive,"Nyrstar has also agreed to supply to Talvivaara up to 150,000 tonnes of sulphuric acid per annum for use in Talvivaara 's leaching process during the period of supply of the zinc in concentrate ."
positive,"Turun kaupunkin , Finland based company has awarded contract to Lemminkainen Talotekniikka Oy for electrical installation work ."
positive,This resulted in improved sales figures in Sweden .
positive,"In China , Finnish Kone that provides elevators , escalators , and solutions for modernisation and maintenance will build 342 escalators that will be installed in a high-speed railway section between Beijing and Shanghai in a 1.5 years ' time ."
positive,"STORA ENSO , NORSKE SKOG , M-REAL , UPM-KYMMENE Credit Suisse First Boston ( CFSB ) raised the fair value for shares in four of the largest Nordic forestry groups ."
positive,Airvana 's UMTS Home Base Station femto cell uses software-based functionality and off-the-shelf silicon to accelerate feature development and reduce product cost .
positive,"Earnings per share EPS are seen at EUR 0.56 , up from EUR 0.38 ."
positive,Business boomed after Ostrom helped plant a small story about Rapala lures in a Life magazine issue that featured Marilyn Monroe on the cover .
positive,Cash flow from operations rose to EUR 52.7 mn from EUR 15.6 mn in 2007 .
positive,"In the second quarter of 2010 , the group 's net profit rose to EUR 3.1 million from EUR 2.5 million in April-June 2009 ."
positive,"Operating profit was EUR 24.5 mn , up from EUR 23.0 mn ."
positive,"The antibody , given at repeated doses of up to 8 mg-kg , was generally well tolerated , and the pharmacokinetic characteristics of BTT-1023 in psoriasis patients were consistent with those observed in a previously completed study in rheumatoid arthritis RA patients ."
positive,"Systeemitiimi 's sales and project resources will also be strengthened , director Paul Skogberg said ."
positive,Sales for the Department Store Division increased by 15 % and sales for the clothing store subsidiary Seppala increased by 8 % Meanwhile sales for Hobby Hall decreased by 12 % .
positive,Operating profit rose to EUR 1.6 mn from EUR 1.1 mn in the corresponding period in 2006 .
positive,Commencing the construction works of Pearl Plaza is a significant step in our Russian projects .
positive,18 January 2010 - Finnish IT consultancy Trainers ' House Oyj HEL : TRH1V said last Friday it resolved to issue a EUR5m hybrid bond to domestic investors in a bid to strengthen its capital structure .
positive,"When open next year , it will be the largest facility in the world to produce diesel fuel from renewable feedstock such as palm oil and animal fat ."
positive,Passenger-related revenue rose by 5.1 % to EUR 460.8 mn from EUR 438.5 mn in 2009 .
positive,Olvi expects sales and market share to increase in the first quarter of 2010 .
positive,"Svyturys-Utenos Alus , which is controlled by the Nordic group Baltic Beverages Holding ( BBH ) , posted a 6.1 percent growth in beer sales for January-September to 101.99 million liters ."
positive,"Operating loss was EUR 179mn , compared to a loss of EUR 188mn in the second quarter of 2009 ."
positive,"Speaking to just-drinks today , a spokesperson for Olvi said : `` We have performed very well in all four countries we operate in - namely , Finland , Estonia , Latvia and Lithuania . ''"
positive,We are very proud to be able to use this kind of innovative mobile service for voting in elections .
positive,"`` Neste Oil is working with over 20 research communities in Europe , America , Africa , Asia , and Australia to develop and introduce new raw materials ."
positive,"EPS from continuing operations came in at 0.30 eur , up from 0.17 ."
positive,Poyry has a good track record of major transportation projects in Latin America .
positive,The proportion of Estonian and Lithuanian passengers on the Tallinn-Helsinki route also grew in July .
positive,Precedex is approved for IV sedation of initially intubated and mechanically ventilated patients in intensive care .
positive,"Finnish GeoSentric , a developer and provider of solutions , products , and technologies for location based services , has preliminary agreed on a EUR 6mn short-term funding with its leading investor ."
positive,"Talentum expects that the net sales of its core business will increase in 2008 , compared to 2007 ."
positive,Lemcon has also signed a pre-contract for the purchase of the park 's entire 130-hectare site .
positive,Cision says the sale will return its U.K. operation to profitability .
positive,Kazgiprotsvetmet and Outotec Finland have signed an agreement on strategic cooperation in the marketing and providing of minerals processing and metallurgical plants and related services in Kazakhstan and the surrounding countries .
positive,The diesel margin has remained high .
positive,"Finnish Ponsse has signed an agreement with Babcock Africa for the distribution and support of Ponsse forest machines , harvester heads , and information systems in South Africa ."
positive,"We aim to ensure that Vacon is in good shape when capital expenditure starts to pick up again , '' comments Vacon Plc President and CEO Vesa Laisi ."
positive,"In 2006 , the company intends to invest significantly in expanding its distribution and maintenance network ."
positive,The pretax profit of the group 's life insurance business increased to EUR36m from EUR27m .
positive,"`` After this purchase , Cramo will become the second largest rental services provider in the Latvian market ."
positive,Finnish cutlery and hand tools maker Fiskars Oyj Abp ( HEL : FISAS ) said today its net profit rose to EUR 24.1 million ( USD 33.6 m ) in the third quarter of 2010 from EUR 17.9 million a year earlier .
positive,"For the current year , Raute expects its net sales to increase and the operating result -- to be positive ."
positive,Performance in the second half of 2009 exceeded expectations .
positive,The ` buy ' recommendation was reiterated .
positive,Last year SysOpen Digia invested in IBM product know-how in the building of portal and trading place systems and successfully implemented customer solutions supported by it .
positive,"For the last quarter of 2010 , Componenta 's net sales doubled to EUR131m from EUR76m for the same period a year earlier , while it moved to a zero pre-tax profit from a pre-tax loss of EUR7m ."
positive,"`` We have tailored our solutions to meet Solel 's technical requirements , and the result is both cost-effective manufacturing and highest-quality reflectors . ''"
positive,The acquisition of Kaupthing Sverige will bring a significant positive non-recurring addition to the group 's performance .
positive,The talks are aimed at restructuring operations and cutting costs .
positive,Finnish automation solutions developer Cencorp Corporation ( OMX Helsinki : CNC1V ) said on Friday ( 27 June ) that it has completed employee negotiations regarding a reorganisation of its operations .
positive,"In the end of 2006 , the number of outlets will rise to 60-70 ."
positive,"OUTOTEC OYJ PRESS RELEASE DECEMBER 4 , 2009 10.30 AM Outotec establishes a new subsidiary in Kolkata Outotec has established a subsidiary in India in order to better serve its Indian customers and to increase its business in the growing Indian market ."
positive,"On Wednesday he announced that the government would propose granting a licence for two reactors , one to be built by Fennovoima , and the other by TVO ."
positive,Strong growth has continued also in China .
positive,"Salo , Finland , 29 August 2006 - Benefon has today announced its plans to further strengthen its in-house technology platform , by licensing the complete mobile software platform , Opna , from its long-standing technology partner , Pollex ."
positive,"Finnish energy company Fortum Oyj said on November 13 , 2007 it was granted an environmental permit to build a biofuel-fired combined heat and power CHP plant in Vartan harbor in eastern Stockholm ."
positive,Finnish KCI Konecranes has been awarded an order for four hot metal ladle cranes by Indian steel producer Bhushan Steel & Strips to be delivered in 2007 .
positive,Efore 's results for the last quarter showed an even faster improvement as the company managed to better source its components .
positive,"Ixonos estimates that it will hire 20 specialists in mechanical engineering , electronics design , and R&D for its new unit in Jyvaeskylae by the end of 2009 ."
positive,Affecto expects its net sales for the whole 2010 to increase from the 2009 level when they reached EUR 103 million .
positive,It is a solid credit that has been compared to a DZ Bank or a Rabobank .
positive,"ADP News - Nov 13 , 2008 - Finnish printed circuit board PCB maker Aspocomp Group Oyj OMX : ACG1V said today that its net loss narrowed to EUR 2 million USD 2.5 m in the first nine months of 2008 from EUR 57"
positive,"The circuit 's overall production rate on a weekly basis is now in excess of an average of 40,000 tonnes per day , with volumes in excess of 50,000 tonnes per day being reached on individual days ."
positive,The social plan negotiations were part of the three year turn-around program which is expected to ensure Salomon 's future competitiveness .
positive,"The service is intended to allow the people of thirteen Mediterranean countries to reach the Baltic more rapidly , with a single carrier ."
positive,The aim is to achieve EUR 2.5 mn yearly savings .
positive,"However , sales returned to growth in April-June 2010 , CEO Pekka Eloholma said ."
positive,"In the reporting period , net sales rose by 8 % year-on-year to EUR64 .3 m , due to the business acquisitions realized during the first half of 2008-09 , the effect of which was EUR10 .9 m in the review period ."
positive,"Glaston , headquartered in Tampere , Finland , is a growing , international glass technology company ."
positive,"KAUKO-TELKO LTD PRESS RELEASE 19.06.2007 AT 14.00 1 ( 1 ) Telko Group ( Kauko-Telko ) is expanding its strategic partnership with BP Industrial Lubricants & Services ( BP ILS ) by acquiring total ownership of BP 's Swedish retail company , Molub-Alloy AB ."
positive,Atria Group is a leading Scandinavian meat products group .
positive,The company will also be compensated for acting as a reserve batch plant .
positive,"Cargotec Corporation , Press Release , August 26 , 2008 at 10 a.m. Finnish time Cargotec 's MacGREGOR business area providing marine cargo handling and offshore load handling solutions has received significant offshore crane retrofit order ."
positive,"The stock price rose 70.0 ores or 0.9 % to close at SEK77 .65 , ending a two-day streak of losses ."
positive,"`` Lining stone sales were also good in the early autumn , and order books are strong to the end of the year ."
positive,"ADP News - Feb 25 , 2009 - Finnish printed circuit board PCB maker Aspocomp Group Oyj HEL : ACG1V said today it swung to a net profit of EUR 300,000 USD 385,000 for 2008 versus a net loss of EUR 65.3 million"
positive,"In a release , the Company said that Vocollect T2 customers in North America can now take advantage of its Voice Directed Warehousing solution and increase warehouse efficiency and productivity gains at a discounted price ."
positive,"Net interest income was EUR 39.3 mn , up from EUR 32.7 mn ."
positive,HELSINKI AFX - KCI Konecranes said it has won an order for four hot metal ladle cranes from Indian steel producer Bhushan Steel and Strips Ltd. .
positive,"` After fixing our home-base , cutting costs and closing the non-profitable units , we are now looking at going forward , ' she said ."
positive,President and CEO Mika Vehvil+Æinen says the positive signs are first and foremost emerging outside Finland .
positive,"Global sports equipment maker Amer Sports Corp. , whose brands include Atomic , Salomon and Wilson , saw a 64 percent increase in third-quarter net profit to EURO 47.4 million $ 65 million on strong sales and cost cuts ."
positive,Talvivaara has secured a 10-year off-take agreement for 100 per cent of its main output of nickel and cobalt to Norilsk Nickel and entered into a long-term zinc streaming agreement with Nyrstar NV .
positive,"More than 200 volunteers from Fiskars , the garden tool company , Home Depot ( NYSE : HD ) , the city of Baltimore and the neighborhood are working right now to create a garden sanctuary - in a single day ."
positive,The transactions would increase earnings per share in the first quarter by some EUR0 .28 .
positive,"Net sales will , however , increase from 2005 ."
positive,"According to A-Rehu 's Managing Director , Jouko Lahtinen , the project will stabilise costs and improve supply security ."
positive,"Both operating profit and turnover for the three-month period increased , respectively from EUR0 .9 m and EUR8 .3 m , as compared to the corresponding period in 2005 ."
positive,"Both operating profit and net sales for the three-month period increased , respectively from EUR15 .1 m and EUR131 .5 m , as compared to the corresponding period in 2005 ."
positive,"Profit after taxes for the period was up to EUR0 .9 m , from EUR0 .01 m last year ."
positive,It is in line with its plans to focus on selected growth segments and streamline corporate structure .
positive,The completion of the recycling plant is an important link in the chain of creating a waste management system in the Dubna region that meets the EU standards .
positive,"In 2009 , Fiskars ' cash flow from operating activities amounted to EUR121m , up from EUR97m in the previous year ."
positive,It also said its third quarter diluted EPS came in at 0.34 eur compared with 0.16 eur in the same quarter a year ago .
positive,"Finnish electronics manufacturing services company Elcoteq signing a cooperation agreement with a Japanese mobile phone manufacturer , bypasses Elcoteq Tallinn , says Jan Kotka , CEO of Elcoteq Tallinn ."
positive,"Of the sales price , a sales gain of some 3.1 mln euro ( $ 4.5 mln ) will be recognized in Incap 's earnings for 2007 ."
positive,"SRV will raise its holding in the company so that by the summer of 2008 , it will have a majority ."
positive,"The services also give the supplier opportunity to key-in invoices , receive orders electronically , to send order confirmations and to upload and create electronic catalogues ."
positive,"The combination of all services enabling us to offer a complex and strengthened service chain not only limited to the Baltic port connections but also for getting access to the world wide Grimaldi Network into the Mediterranean , Africa and North America `` says Uwe Bakosch ."
positive,"In Lithuania , operating profit rose to EUR 190,000 from EUR 70,000 in the corresponding period in 2005 ."
positive,"`` We have significant experience in smartphone functionality , in the development of mobile Internet services , and in uniting the two into a smooth user experience ."
positive,"With the extension of the new contract for a further eight engines , the plant will now produce over 100 MW , it said ."
positive,"According to the company 's updated strategy for the years 2009-2012 , Basware targets a long-term net sales growth in the range of 20 % -40 % with an operating profit margin of 10 % -20 % of net sales ."
positive,The costs of the new ropax vessels are 30 % lower than those of the present ones .
positive,"`` The margarine business has been put into good shape in the last two years , making it a natural addition to Bunge , which is looking to leverage its position in the Central and Northern European markets , '' Raisio CEO Matti Rihko said in a statement ."
positive,"Having a China based operation will not only enable us to fully leverage our resources and expertise in wireless solutions , but also strengthen our capability to offer industry-leading products for our customers in China . ''"
positive,"Last week , the Finnish metals and technology group announced plans to sell more than 80 percent of its technology unit to further the company 's strategic goal of becoming the world 's largest stainless steel maker ."
positive,"The subscriptions increase Cargotec 's share capital by EUR 27,060 ."
positive,"`` The acquisition of Sampo Bank makes strategic sense for DB , '' says Lindsey Liddell , director of Fitch Ratings 's Financial Institutions Group ."
positive,Cargotec Germany GmbH has been awarded a contract by Stadtverwaltung Mainz for chassis bodies under Open procedure .
positive,"The total area of the Gorelovo plant is about 22,000 sq m. Atria invested about EURO 70mn in the plant , which should double Atria Russia 's production capacity in the St Petersburg area ."
positive,"We can choose the most efficient , best overall value option for our customers already at the bidding stage ."
positive,"Upon completion , Keskuskatu will form the backbone of Helsinki 's pedestrianised downtown area , linking up with the city 's other main pedestrian precincts ."
positive,We look forward to helping the company develop its operational services and further digitalize its services for its customers . ''
positive,Sponda Plc Stock Exchange Release 5 December 2006 at 15.45 EUR 1.5 BILLION SYNDICATED CREDIT FACILITY FOR SPONDA Sponda has signed an agreement for a one-year syndicated credit facility for a total of EUR 1.5 billion .
positive,"` For Nordea , moving into the new headquarters signifies the beginning of a new era ."
positive,"Metsaliitto , however , narrowed its net loss for the second quarter of 2007 to 5.0 mln euro $ 6.9 mln from 61 mln euro $ 83.7 mln a year ago ."
positive,"Profit for the period totaled EUR 39.4 mn , up from EUR 33.9 mn in the corresponding period in 2006 ."
positive,"Nokia will continue to invest in future development of Qt for the benefit of all users , both Commercial and LGPL ."
positive,It also turned in earnings per share ( EPS ) of EUR 0.44 versus loss per share of EUR 2.26 .
positive,Finnish metal industry solutions supplier Outotec Oyj net profit rose to 50.4 mln euro ( $ 72.5 mln ) for the first nine months of 2007 from 20.1 mln euro ( $ 28.9 mln ) for the same period of 2006 .
positive,The stock rose for a second day on Wednesday bringing its two-day rise to GBX12 .0 or 2.0 % .
positive,"Pioneer Library System was one of 127 libraries , municipalities , arts , culture and higher education and science organizations to have been awarded grants to participate in The Big Read , the largest federal reading program in U.S. history ."
positive,"`` Last year , Finnair recorded a 32.6-percent growth on the Asian sector , carrying more than 1.10 million passengers between the two continents . ''"
positive,"Sales are expected to increase in the end of the year 2006 , however ."
positive,"One of the installed elevators will be a double-deck elevator , which enables more efficient use of the building 's core space ."
positive,"`` Following last year 's good profit development , we have entered the current year in a good position ."
positive,"However , sales volumes in the food industry are expected to remain at relatively good levels in Finland and in Scandinavia , Atria said ."
positive,"A Helsinki : ELIiV today reported EPS of EUR1 .13 for 2009 , an increase over EPS of EUR1 .12 in 2008 ."
positive,"The company 's net profit rose 11.4 % on the year to 82.2 million euros in 2005 on sales of 686.5 million euros , 13.8 % up on the year , the company said earlier ."
positive,"By implementing the software the Finnish Army aims to unify and improve its operations in these application areas , QPR Software stated ."
positive,Swiss franc surged to record 1.42 euros after it reported sharpest gain in manufacturing in March .
positive,Altia 's operating profit jumped to EUR 47 million from EUR 6.6 million .
positive,"`` I 'm pleased to receive the Nomination Committee 's request and confidence , '' says Jon Risfelt ."
positive,"Finnish retailer Stockmann has won approval from the board of Swedish rival Lindex for a public tender offer with the aim of expanding the companies ' presence in Russia and other CEE countries , Stockmann said Monday ."
positive,Nokia was up 0.12 pct to 16.70 eur after kicking off the morning in negative territory .
positive,Finnish metal products company Componenta Oyj net profit rose to 26.1 mln euro ( $ 35.9 mln ) for the first quarter of 2007 from 5.3 mln euro ( $ 7.3 mln ) for the same period of 2006 .
positive,Operating profit rose to EUR 4.7 mn from EUR 4.6 mn .
positive,"The disposal of Autotank will also strengthen Aspo 's capital structure , '' commented Gustav Nyberg , CEO of Aspo ."
positive,"At the same time profit of the company increased by 10 % in H1 and reached Ls 79,000 ."
positive,"Net income from life insurance rose to EUR 16.5 mn from EUR 14.0 mn , and net income from non-life insurance to EUR 22.6 mn from EUR 15.2 mn in 2009 ."
positive,The mill has long traditions and holds an established position in the markets .
positive,Validating our fgVoIP client through Symbian Signed represents a significant step forward in accomplishing this goal .
positive,One of my colleagues summed up the E7 quite aptly when he remarked : `` Fantastic hardware .
positive,Componenta 's objective with this agreement is to increase business on its existing production lines .
positive,"Finnish flexible packaging manufacturer Suominen Corporation reports net sales of EUR 54.5 mn in the first quarter of 2008 , compared with EUR 54.3 mn a year earlier ."
positive,"`` Our customers now have the chance to make bookings for all the services they want at one location , '' said Mikko Tuomainen , in-charge of Finnair 's Internet ( sales ) ."
positive,"Nevertheless , its market share rose to 49.14 percent from 48.51 percent a year earlier ."
positive,"Net sales rose by 25.5 % year-on-year to EUR59 .6 m , as the number of chargers delivered went up by 41 % to 65.9 million pieces ."
positive,"The company booked April-June new orders worth 949 mln eur , compared with 786 mln eur in the same period a year ago ."
positive,"W+Ærtsil+Æ 's solution has been selected for its low fuel consumption , environmentally sound technology , and global service support ."
positive,The companies expect the first orders already in 2011 .
positive,"Operating profit surged to EUR21m from EUR106 ,000 ."
positive,( I&H ) in a move to enhance growth .
positive,"The core of Solidium 's investment strategy is proper , value enhancing asset management of the current holdings ."
positive,Stora Enso 's third-quarter pre-tax profit doubled to EUR 197mn .
positive,"Via the takeover , Panostaja further expands its business area specialising in digital printing , which since previously consists of the subsidiaries Kopijyva Oy and Sokonet Oy ."
positive,"Cencorp estimates that its net sales in the last quarter will be as earlier stated , EUR4 .3 m to EUR5 .0 m , and operating profit (EBIT)is estimated to be positive ."
positive,"During the past decade it has gradually divested noncore assets and bought several sports equipment makers , including California-based Fitness Products International and Sparks , Nevada-based ATEC , a leading maker of baseball and softball pitching machines ."
positive,The fair value of the company 's investment properties grew to EUR 2.803 billion at the end of March 2009 from EUR 2.691 million a year ago .
positive,"The financial impact is estimated to be an annual improvement of EUR2 .0 m in the division 's results , as of fiscal year 2008 ."
positive,Finnish department store chain Stockmann Oyj Abp net profit rose to 39.8 mln euro ( $ 56.8 mln ) for the first nine months of 2007 from 37.4 mln euro ( $ 53.4 mln ) for the same period of 2006 .
positive,"Finnish security and privacy software solutions developer Stonesoft Oyj said on January 7 , 2008 that the preliminary sales of its StoneGate products grew by 59 pct year-on-year to 3.6 mln euro ( $ 5.3 mln ) for the fourth quarter of 2007 ."
positive,"Full-year net sales are expected to increase by approximately 10 % , the company said ."
positive,Nordea sees a return to positive growth for the Baltic countries in 2011 .
positive,Earnings per share were higher at 0.48 against 0.37 a year before and ahead of market consensus of 0.40 eur .
positive,"`` Our extensive co-operation will also bolster SysOpen Digia 's position in the domestic operator market , '' Kallioranta adds ."
positive,Grapevine city officials in September approved $ 35 million in tax rebates and grants for the expansion .
positive,It also turned to earnings per share ( EPS ) of EUR 0.08 versus loss per share of EUR 0.04 .
positive,"Press release 9 October 2009 Ruukki has signed a contract to deliver and install the steel structures for a bridge over the Kyronsalmi strait in Savonlinna , Finland ."
positive,"Employees are also better prepared to answer calls , since they already have detailed information about the caller before they answer the phone . ''"
positive,"`` After the share purchase is completed , financing will also be provided to expand Latvia 's broadband infrastructure and to develop new areas of business , including acquisitions of other companies . ''"
positive,"Both operating profit and net sales for the 12-month period increased , respectively from EUR4 .7 m and EUR26 .7 m , as compared to 2004 ."
positive,"Finnish Metso Paper has been awarded a contract for the rebuild of Sabah Forest Industries ' ( SFI ) pulp mill in Sabah , Malaysia ."
positive,Rautaruukki said construction group YIT has awarded it a 2.5 mln eur contract to supply the steel structures for a new bridge spanning the Kemijoki river in Northern Finland .
positive,"Olvi , which controls a 94 percent stake in Ragutis through A. Le Coq , said in its annual report published earlier this year that the Lithuanian brewery 's sales reached 15.04 million euros last year , a rise of 20.4 percent from 12.49 million euros in 2004 ."
positive,"Both operating profit and net sales for the six-month period increased , respectively , from EUR13 .8 m and EUR143 .6 m , as compared to the corresponding period in 2007 ."
positive,"Operating profit totalled EUR 5.8 mn , up from a loss of EUR 1.7 mn in the fourth quarter of 2009 ."
positive,Finnish lifting equipment maker Konecranes HEL : KCR1V said on 29 July 2009 it has raised its stake in Austrian manipulator maker ACS Konecranes to 80 % and bought German sector player Knight Europe .
positive,"According to M-real 's CEO , Mikko Helander , this transaction will enable the company to proceed swiftly with its restructuring program ."
positive,`` Ixonos has a rich heritage in developing leadership experiences in the smartphone segment .
positive,"Ragutis , which is based in Lithuania 's second-largest city Kaunas , boosted its sales last year 22.3 per cent to 36.4 million liters ."
positive,KESKO FOOD LTD PRESS RELEASE 04.01.2006 AT 13.00 Kesko Food Ltd is launching a major TV campaign to recruit as many as one hundred new K-food retailers .
positive,The aim is to convert the plants into flexible manufacturers of new and technologically demanding products .
positive,Operating profit increased by 145.1 % to EUR 8.3 mn from EUR 3.4 mn .
positive,"International sales rose by 59.8 % to EUR 1,244.4 mn ."
positive,`` The purchase of the operations is part of YIT 's strategy to expand its offering of building system services geographically . ''
positive,"About Marubeni Marubeni Corporation TSE : 8002 ; ADR : MARUY was established in 1858 , and is a core company of Marubeni Group , one of Japan 's leading general trading houses ."
positive,"I am looking forward to contribute to SRV 's success with my competence '' , says Taneli Hassinen ."
positive,"The company is in the process of building a new fleet and has placed orders for 10 P-Max tankers of 65,200 dwt ."
positive,"Operating profit totaled EUR 825mn , up from EUR 763mn in 2004 ."
positive,"Order intake , on the other hand , is expected to be stronger than in 2007 ."
positive,"`` Beyond the improved voice capabilities , customers now have a streamlined way to comply with recalls and other traceability requirements , providing them with a competitive advantage ."
positive,"Seppala 's revenue increased by 0.2 % to EUR10 .1 m. In Finland , revenue went down by 2.4 % to EUR6 .8 m , while sales abroad rose by 6.2 % to EUR3 .3 m. Sales increased in all the Baltic countries as well as in Russia and Ukraine ."
positive,"Net sales went up by 1 % year-on-year to EUR 29 million , affected by the business acquisitions , realized during the previous financial period , the effect of which was EUR 5.1 million on the review period ."
positive,"Finnair expands : Finnair plans to add more flights on routes to Hong Kong , India and Russia ."
positive,"We are honored to be acknowledged for our commitment to the industry , especially in Asia Pacific . ''"
positive,"Kalnapilio-Tauro Grupe ( Kalnapilis-Tauras Group ) , which is owned by Denmark 's Royal Unibrew , raised its market share to 25.18 percent from 23.74 percent , as beer sales for the seven months jumped by 14.5 percent to 40.5 million liters ."
positive,The annual Thesis contest is aimed to enhance the thesis quality and to strengthen the thesis culture in polytechnics .
positive,"The seminar introduced modern , clean technologies and products , financial tools and sponsorship programs for energy and environment projects as well as the potential to develop clean energy in Vietnam ."
positive,The company also said that in Poland a profitability program has been launched at the Oborniki steel frame and sandwich panel plant .
positive,One attractive factor about the tablets for media companies is that they provide a new way of making money .
positive,The deal strengthens Ramirent 's position especially in the industrial sector and in large investment projects .
positive,"Via the agreement , Ramirent will expand the range of equipment and services it delivers to Destia , Ramirent Finland 's managing director Kari Aulasmaa , said ."
positive,"Strongest growth was seen in the new markets in Russia , the Czech Republic , and Slovakia ."
positive,"According to PKC , the acquisition would bring a significant addition to PKC 's customer base ."
positive,"` Our strategic cooperation with Rentakran brings us new customers and already-working relationships with the authorities of the new territories , ' said Jarmo Laasanen , a senior manager at Cramo ."
positive,Clothing chain Sepp+Æl+Æ 's net sales increased by 7.0 % to EUR 30.8 mn .
positive,"M-real Corporation Press release on 3 November at 10:35 am M-real Corporation was the second best company in the materials sector including e.g. forest industry companies in the Carbon Disclosure Leadership Index CDLI , Nordic Report 2009 ."
positive,Operating profit excluding restructuring costs grew to EUR 44.5 million from EUR 31.7 million while operating profit including restructuring costs showed even larger growth to EUR 38.5 million from EUR 7.4 million .
positive,"Our strong company brands - ESL Shipping , Leipurin , Telko and Kaukomarkkinat - aim to be the market leaders in their sectors ."
positive,"In September 2010 , the Finnish group agreed to buy Danish company Rose Poultry A-S for up to EUR23 .9 m in a combination of cash and stock ."
positive,"Jobs will not be transferred from Finland , however ."
positive,Repeats sees 2008 EBITA above 18 pct of sales .
positive,"Finnish investment group Panostaja Oyj said its net profit went up to 8.6 mln euro $ 11.4 mln in fiscal 2005-06 , ended October 31 , 2006 , from 2.8 mln euro $ 3.7 mln in the same period of fiscal 2004-05 ."
positive,"EBIT totalled EUR 14.4 mn , compared to a loss of EUR 0.3 mn in the corresponding period in 2009 ."
positive,"narrows to EUR2 .8 m 9-mo '09 29 October 2009 - Finnish software and hardware developer Elektrobit Oyj HEL : EBG1V , or EB , said today that its net loss narrowed to EUR2 .8 m for the first nine months of 2009 from EUR35 .6 m for the same period a year ago ."
positive,The through service of FESCO is a telling example of strengthening the relationship between logistics companies and operators at the international level .
positive,Outokumpu 's chief executive Juha Rantanen expressed his confidence in China market .
positive,The stock of new machines is reasonably small and new orders bring work .
positive,"The tower it chose to add , due to go into operation in the summer , will increase total capacity to 80 broadsheet or 160 tabloid pages , with the ability to run 32 - and 48-page products side by side ."
positive,"The chain posted sales of 298 million euros for full 2005 , a rise of 19.5 percent , year-on-year ."
positive,Operating profit margin increased from 11.2 % to 11.7 % .
positive,A new production line is being completed for the contract production of hormone treatments .
positive,"Arvo Vuorenmaa , the Loviisa plant 's general manager said the application for the new licence was a `` standard '' procedure and that he was `` quite confident '' about approval being granted ."
positive,The members of the management team will contribute to the adjustment measures with temporary salary cut of 5 % .
positive,The group will expand the chain to include 45 stores .
positive,`` We are pleased with the efforts of both negotiating teams and look forward to a productive four years ahead . ''
positive,The agreement expands Tekla Structures ' scope of use to bridge design .
positive,"EBITDA for the year 2009 improved to EUR484m , as compared with EUR472m in 2008 ."
positive,The 2015 target for net sales has been set at EUR 1bn and the target for return on investment at over 20 % .
positive,"In 2008 , the deal is likely to bring savings of EUR 20mn-25mn ."
positive,We hope to increase traffic volumes with the opening of Freight One Scandinavia . ''
positive,CDLI highlights the companies that provided the most comprehensive response to the Carbon Disclosure Project CDP information request .
positive,"The Australian company Mirabela Nickel has awarded Outokumpu Technology a contract for grinding technology for its nickel sulfide project in Bahia State , Brazil ."
positive,"The Brazilian unit of Finnish security solutions provider F-Secure signed up 1,500 new clients last year , online news source Reseller Web quoted the division 's commercial director , Vladimir Brand+_o , as saying ."
positive,"Earnings per share ( EPS ) amounted to EUR0 .98 , up from the loss of EUR0 .02 ."
positive,That would be an increase from estimated sales of 117 million last year .
positive,The bank sees a potential for Getinge share to rise .
positive,Turnover rose to EUR21m from EUR17m .
positive,"Profit for the period was EUR 5.9 mn , up from EUR 1.3 mn ."
positive,"Finnish lifting equipment maker Kone Oyj said on October 4 , 2007 it won an order worth 15 mln euro $ 21.2 mln to deliver a total of 53 custom designed elevators to Norwegian shipbuilder Aker Yards ASA ."
positive,CEO of the company Tarmo Noop said the growth in the sale of premium beers was the biggest .
positive,The sale will lead to a pretax capital gain of EUR 22 million for the Finnish company in 2011 .
positive,fi is developing cooperation in keyword advertising with Microsoft .
positive,"Both operating profit and net sales for the nine-month period increased , respectively by 26.6 % and 3.4 % , as compared to the corresponding period in 2006 ."
positive,"In the first quarter of 2010 , the mark-to-market result was a pretax profit of EUR 133 million versus a loss of EUR 32 million in the same period last year ."
positive,"Finnish financial group Aktia reports operating profit of EUR 44.4 mn in January-September 2009 , up from EUR 37.3 mn in the corresponding period in 2008 ."
positive,A realignment of interests in the sector is clearly under way .
positive,"18 May 2010 - Finnish electronics producer Elcoteq SE HEL : ELQAV said today that it has signed an extensive cooperation agreement on industrialisation , manufacturing , distribution and after-market services for mobile phones with Japan 's Sharp TYO : 6753 ."
positive,` Very recommendable ' is the Nokian Z G2 according to the ` ADAC judgement ' in the latest summer tyre test of the German automobile association ADAC .
positive,"Exports accounted for 65.4 % of net sales , representing an all time record for the company ."
positive,"Combining the two producers will create a strong EU-based fertilizer industry capable of meeting global competition , they added ."
positive,The groups 's turnover for the full fiscal year is expected to show a slight increase from the previous fiscal year .
positive,Major Order in India Comptel Corporation has received a significant long-term order for mediation and provisioning solutions being used by a leading operator in India .
positive,The rationalization of the operations seeks to achieve over EUR 1 million in yearly savings as from the second quarter of the current financial year .
positive,"By 14:29 CET on Monday , shares in Bavarian Nordic had climbed 1.21 % to DKK250 on the stock exchange in Copenhagen after having lost 7.41 % in the past month ."
positive,Net sales increased to EUR655m in April to June 2010 from EUR438m a year earlier .
positive,"TietoEnator itself uses Nokia 's Intellisync Mobile Suite 's wireless email , calendar , and device management capabilities , and the company will now extend these services to its customers ."
positive,"Mobile phone shipments jumped 26 percent to almost 112 million units , while Finnish company 's global market share rose to 39 percent from 36 percent ."
positive,"Lee & Man Paper and Metso have a long and prosperous co-operation , a good example of which are the Changshu and Hongmei kraftliner machines delivered earlier ."
positive,The stock rose for a third day on Tuesday bringing its three-day rise to GBX10 .50 or 1.8 % .
positive,"The major breweries increased their domestic beer sales by 4.5 per cent last year , to 256.88 million litres from 245.92 million litres in 2004 ."
positive,"The planned facility , estimated to cost around $ 814 million , would be the largest biodiesel plant in the world , and use palm oil certified by the Roundtable on Sustainable Palm Oil ( RSPO ) ."
positive,The company intends to raise production capacity in 2006 .
positive,The actions are expected to deliver annual cost savings of some EUR15-20m .
positive,Net sales of Finnish food industry company L+Ænnen Tehtaat 's continuing operations increased by 13 % in 2008 to EUR 349.1 mn from EUR 309.6 mn in 2007 .
positive,Combining this deep domain expertise with our Application Service Management ASM and outsourcing service offerings has now proved to be a winning combination .
positive,"Tim Cockroft brings with him an excellent track record having more than 18 years experience ; moreover , Tim has successfully developed the Capital Markets operations at Kaupthing Singer & Friedlander involving corporate finance and broking with a focus on mid-market companies ."
positive,"The agreement will provide The Switch with double the converter capacity , whilst opening up further manufacturing locations in China ."
positive,"Sales VAT inclusive expanded by 19 percent , to 351 million euros ."
positive,"Higher bit rates for outgoing traffic improves the end-user experience of mobile broadband services such as video conferencing , file sharing and sending e-mails with attachments ."
positive,"Earnings per share ( EPS ) for the first quarter 2007 amounted to EUR0 .07 , up from EUR0 .04 ."
positive,"The subdivision made sales revenues last year of EUR 480.7 million EUR 414.9 million in 2008 , and operating profits of EUR 44.5 million EUR 7.4 million ."
positive,The pipeline is strong .
positive,"Both operating profit and sales for the three-month period increased , respectively from EUR0 .3 m and EUR13 .1 m , as compared to the corresponding period in 2005 ."
positive,"`` Our decision and resolve on MeeGo is only stronger , '' she continued ."
positive,"The Finnish supplier of BSS-OSS and VAS for telecom operators , Tecnotree , has received expansion orders worth a total US$ 7.3 mn for its convergent charging and next generation messaging solutions in Latin America , the company announced without specifying which operators had placed the orders ."
positive,The acquisition is part of Ramirent 's strategy to strengthen its position in selected locations .
positive,These companies will be able to keep their market positions .
positive,"In the second quarter of 2010 , the group 's pretax loss narrowed to EUR 400,000 from EUR 600,000 ."
positive,Sales of clothing developed best .
positive,"Net income from life insurance doubled to EUR 6.8 mn from EUR 3.2 mn , and net income from non-life insurance rose to EUR 5.2 mn from EUR 1.5 mn in the corresponding period in 2009 ."
positive,"Production capacity will rise gradually from 170,000 tonnes to 215,000 tonnes ."
positive,"Pretax profit totalled EUR 80.8 mn , compared to a loss of EUR 13.1 mn in the corresponding period in 2009 ."
positive,"October-December sales were 302 mln eur , or a 25.3 pct increase year on year ."
positive,The company expects its net sales in the first half of 2008 to reach the previous year 's level .
positive,"By cutting the number of plants , the group will trim fixed costs ."
positive,"Growth was strongest in F-Secure 's operator ISPs , mobile operators and cable operators business ."
positive,"The Basware Connectivity services allow companies to handle purchase to pay processes online and make their internal processes more efficient , '' said CEO Ilkka Sihvo , Basware Corporation ."
positive,Production capacity will increase from 36 000 to 85 000 tonnes per year and the raw material will continue to be recycled paper and board .
positive,Net sales of the Vegetable Oil Business rose to EUR 10.6 mn from EUR 10.1 mn .
positive,"As a domestic business , Best-In is already close to Finnish dog owners ."
positive,The acquisition of Boomeranger Boats Oy is in line with the Done Solutions strategy of developing its business through company acquisitions .
positive,Sales of security and system packaging increased slightly .
positive,27 January 2011 - Finnish IT solutions provider Affecto Oyj ( HEL : AFE1V ) said today it has won a EUR1 .2 m ( USD1 .6 m ) contract from state-owned Lithuanian Social Insurance Institution ( SODRA ) .
positive,"The respondents praised Finnair 's reliability , Finnishness , and understanding of its target group ."
positive,"For Q2 2010 , consolidated earnings before tax totaled EUR4 .5 m , compared to EUR3 .9 m , and net profit was EUR3 .2 m , compared to EUR2 .9 m in the previous year ."
positive,"This new representation extends Comptel 's global presence to a total of 18 countries , serving over 250 customers in over 80 countries worldwide ."
positive,Satama 's net sales would be higher than the year before .
positive,"According to Finnish Aktia Bank 's Managing Director Jussi Laitinen , the bank 's aim is to triple the number of its customers in Finland in the next five years ."
positive,"And the broker repeated its ` buy ' rating , based on expectations that current restructuring will lead to a clear improvement in performance in Europe in 2007 ."
positive,"HELSINKI ( Thomson Financial ) - M-real said it will exercise an option to buy a 50MW natural gas power plant and land in Kyroskoski , Finland , for around 13 mln eur from Kyro Oyj ."
positive,Finnish construction group Lemmink+Æinen has been awarded two road building contracts by the Lithuanian transport administration .
positive,"`` Overall , we 're pleased with the startup curve ... and we 're pleased with the quality of the paper , '' Stora spokeswoman Patricia Dietz said Tuesday ."
positive,"Tectia Corporation HEL : TEC1V , a provider of real-time security solutions , today announced that it has appointed LAN2LAN , a provider of IT services in the UK , to distribute its data security and manage file transfer software ."
positive,The offer represents a premium of 24 % over the stock 's closing price on Friday .
positive,SKF 6 April 2010 - Alandsbanken has given a `` buy '' recommendation on Swedish industrial company SKF AB ( STO : SKF B ) with a share price target of SEK150 .
positive,20 October 2010 - Finnish metal products company Componenta Oyj HEL : CTH1V said yesterday that its net loss narrowed to EUR7m for the first nine months of 2010 from EUR23 .3 m for the same period of 2009 .
positive,Rapala estimates its net sales for 2008 will increase by between 8.0 pct and 12 pct assuming 2007 exchange rates .
positive,"Department store sales improved by 14 % to EUR 1,070.6 mn ."
positive,"Neste oil 's board proposed 1.00 eur dividend for the full-year 2007 , compared with 0.90 eur a year ago ."
positive,7 March 2011 - Finnish IT company Digia Oyj HEL : DIG1V announced today an agreement with mobile-phone major Nokia Oyj HEL : NOK1V to acquire the commercial licensing and service business related to Nokia 's Qt technology .
positive,Technopolis is Europe 's leading operator of technoparks .
positive,"Tekla Structures BIM Building Information Modeling software is being developed according to a long-term plan of improved user experience , process , and functionality ."
positive,Diluted EPS rose to EUR3 .68 from EUR0 .50 .
positive,Operating income rose to EUR 696.4 mn from EUR 600.3 mn in 2009 .
positive,"The Bristol Port Company has sealed a one million pound contract with Cooper Specialised Handling to supply it with four 45-tonne , customised reach stackers from Konecranes ."
positive,"The iTunes-based material will be accessible on Windows-based or Macintosh computers and transferable to portable devices , including Apple 's iPods ."
positive,"As part of the transaction , M-real and Sappi have also signed a long-term agreement on the supply of pulp and BCTMP and other smaller services and supplies ."
positive,"The EBITDA was EUR116m compared to EUR115m , corresponding to an EBITDA margin of 33 % ."
positive,"EUR928 ,000 in Q1 2010 6 May 2010 - Finnish textile and clothing design company Marimekko Oyj ( HEL : MMO1V ) said today its net profit rose to EUR928 ,000 in the first quarter of 2010 from EUR13 ,000 in the corresponding period a year earlier ."
positive,"Neste Oil Corp. has signed long-term procurement contracts with Honkajoki Oy and Findest Protein Oy , both owned by Finnish food manufacturers , for the supply of animal fat for biodiesel production at Neste 's 200,000 b-cd Porvoo , Finland , refinery ."
positive,"Net sales totaled EUR 93.6 mn , up from EUR 93.2 mn in the corresponding period in 2005 ."
positive,"The developers of that project predict that once it is completed in April 2009 , Skanssi will attract some 4.5 million visitors annually ."
positive,"Danske Bank A-S DANSKE DC jumped 3.7 percent to 133.4 kroner , rebounding from yesterday s 3.5 percent slide ."
positive,"According to Schmardin , Nordea will most likely try to win customers over from other pension fund providers ."
positive,"To prove the efficiency of the China Mobile system , Rod Baber , an English climber , climbed to the Mount Everest summit and successfully made calls ."
positive,"`` The change will optimize the operational efficiencies of our growing business , '' said Julia Prohaska , director of marketing communications for Fiskars ."
positive,"HELSINKI ( Thomson Financial ) - Kone said it has won four orders in Saudi Arabia , United Arab Emirates and Qatar worth 40 mln eur ."
positive,"Comptel , a vendor of dynamic Operations Support System ( OSS ) software , has been selected by Orascom Telecom ( OTH ) as partner for provisioning and activation solutions for mobile services ."
positive,"Finland 's Neste Oil has been awarded the Chemical Industry Federation of Finland 's Innovation Award for its NExBTL technology , which enables biodiesel to be produced from vegetable oil and animal fat ."
positive,The company turned to earnings per share ( EPS ) of EUR 0.03 versus loss per share of EUR 0.01 .
positive,"Operating profit for the three-month period increased from EUR1 .2 m , while revenue increased from EUR20 .2 m , as compared to the corresponding period in 2005 ."
positive,"Citigroup , Inc ( NYSE : C ) has announced that its Global Transaction Services ( GTS ) business has been awarded a new mandate by Finland-based Pohjola Bank Group ."
positive,The company said that it has started to investigate streamlining its operations in order to meet the tightening competition on the mobile phone charger market .
positive,Satama earned Data Management Solutions competency with Business Intelligence specialization recentlyvia the acquisition of Fimentor Oy .
positive,Productional situation has now improved .
positive,`` The trend in the sports and leisure markets was favorable in the first months of the year .
positive,"HELSINKI , Finland , Sept. 18 , 2009 ( GLOBE NEWSWIRE ) -- Ixonos Plc expands the company 's smartphone R&D services and establishes a new next-generation smartphone design unit in connection with Ixonos ' site in Jyvaeskylae ."
positive,Sales have risen in other export markets .
positive,"The company also said on November 16 , 2006 its Real Estate Fund I Ky signed an agreement with Finnish window maker Fenestra Oy to build a window plant in Forssa , southern Finland ."
positive,HELSINKI AFX - Outokumpu Technology said it has signed a 3.5 mln eur agreement with Mongolia 's Erdenet Mining Corporation for the engineering of the first HydroCopper plant to be built at the Erdenet mine site .
positive,"It currently employs about 750 people and expects headcount to reach 1,000 by end of 2007 ."
positive,"The Helsinki-based company , which also owns the Salomon , Atomic and Suunto brands , said net profit rose 15 percent in the three months through Dec. 31 to (  x20ac ) 47 million ( $ 61US million ) , from (  x20ac ) 40.8 million a year earlier ."
positive,The company reports a loss for the period of EUR 0.4 mn compared to a loss of EUR 1.9 mn in the corresponding period in 2005 .
positive,"BasWare 's CEO Ilkka Sihvo comments in conjunction with the Interim Report : `` As a whole , BasWare succeeded well in the second quarter of 2007 ."
positive,Pretax profit rose to EUR 17.8 mn from EUR 14.9 mn in 2005 .
positive,"`` We are delighted to announce our support for Intel based handheld platforms , the capabilities of which have made our development easier and faster ."
positive,"`` We are delighted to welcome Elisa to our Board of Directors , '' said Garry McGuire , CEO of RMG Networks ."
positive,Altimo and TeliaSonera said yesterday that Usmanov would be welcome to join the new company .
positive,Net profit was 35.5 mln compared with 29.8 mln .
positive,"Pre-tax loss totaled EUR 0.3 mn , compared to a loss of EUR 2.2 mn in the first quarter of 2005 ."
positive,"In addition , Cramo and Peab have signed exclusive five-year rental agreements in Finland and have extended their existing rental agreements in the Swedish market for another five years ."
positive,"Via the Satlan acquisition , Teleste plans to further expand its market presence as a video services partner for cable operators , broadcasters and IPTV service providers ."
positive,Alma Media expects its net sales to increase as forecast previously .
positive,Also Lemmink+Æinen 's profit for accounting period went up to EUR 3.1 mn from EUR -24.5 mn a year ago .
positive,Deliveries have started and the network will be ready for a launch soon .
positive,credit 20 November 2009 - Finnish glass technology company Glaston Oyj Abp ( HEL : GLA1V ) said today it concluded a EUR74m revolving credit facility agreement with its core banks .
positive,"Operating profit totaled EUR 5.5 mn , up from EUR -0.7 mn ."
positive,"For Teleste , the acquisition marks an entry into services business in a market where it has long been an established and significant supplier of products ."
positive,Finnish Okmetic that manufactures and processes silicon wafers for the semiconductor and sensor industries and Norwegian solar wafer company NorSun have signed a contract under which Okmetic will supply NorSun mono silicon crystals for use in solar cell manufacturing .
positive,Finnish forest machinery manufacturer Ponsse 's net sales grew to EUR 51.3 mn in the first quarter of 2010 from EUR 37.5 mn in the corresponding period in 2009 .
positive,Finnish plumbing and heating systems supplier Uponor Corporation ( OMX Helsinki : UNR1V ) said on Tuesday ( 12 August ) that its board of directors has authorised the management to proceed with a company-wide cost reduction program .
positive,Return on capital employed rose by 4.8 percentage points to 19.6 % .
positive,"To our members and partners , the use of IT will mostly be apparent in the increased efficiency of the results service , '' observes Perttu Puro from Tradeka ."
positive,New product launches in Finland will more than double from 2005 .
positive,"Nokia bought Chicago-based Navteq in 2008 , acquiring a maps database to compete with Google s maps as well as with navigation device companies such as TomTom NV and Garmin Ltd. ."
positive,"Thanksto improvements in demand and the adjustments we have made , theutilization rates of Cramo 's fleet have substantiallyimproved . ''"
positive,Shareholders of Rakvere Lihakombinaat decided in favor of the buyout of minority shares in mid-July .
positive,Finnish metal components supplier Componenta Oyj said its net profit went up to 3.5 mln euro $ 4.5 mln in 2006 from 2.2 mln euro $ 2.8 mln in 2005 .
positive,"Key shareholders of Finnish IT services provider TietoEnator Oyj on Friday rejected a hostile EUR1 .08 billion $ 1.67 billion offer from buyout shop Nordic Capital , giving new life to a possible counter offer from Blackstone Group LP and Norwegian telecom Telenor ASA ."
positive,That topped consensus forecasts for earnings of 0.21 euros a share .
positive,"Kesko pursues a strategy of healthy , focused growth concentrating on sales and services to consumer-customers ."
positive,Operating profit improved by 44.0 % to ER 4.7 mn from EUR 3.3 mn in 2004 .
positive,"In recent months , Capman has taken significant steps to simplify its operations , CEO Lennart Simonsen said ."
positive,The EPS improved to EUR0 .38 from EUR0 .27 .
positive,European traffic grew nearly 30 % .
positive,"In the beginning of this year , Wartsila had secured an order to deliver four gas-fuelled main engines and propulsion machinery for the same vessel ."
positive,"This location makes the mall a convenient place to shop for consumers from three large residential areas nearby : Jaroszowka , Wysockiego and Zgody ."
positive,Finnish Ahlstrom Corporation has ordered key production equipment for a new glass nonwovens production line at its Russian Tver Mill from Finnish Vaahto Pulp & Paper Machinery ( that is part of Vaahto Group ) .
positive,Net sales increased to EUR193 .3 m from EUR179 .9 m and pretax profit rose by 34.2 % to EUR43 .1 m. ( EUR1 = USD1 .4 )
positive,"We warmly welcome him to Satama '' , states Jussi Lansio , chairman of the Board ."
positive,"The money will be spent `` on strengthening the company 's competitiveness in the sphere of sawmill products and increasing the volume of wood delivered for processing in Russia , '' the release says ."
positive,"When the situation normalises , the company will be able to increase the amount of residential units for sale in St Petersburg and Moscow , in particular ."
positive,Commission income rose by 25.7 % to EUR 16.1 mn from EUR 12.8 mn in 2004 .
positive,"ADP News - Nov 18 , 2008 - Finnish AC drives manufacturer Vacon Oyj OMX : VAC1V said today that it had set up new representative offices in Romania and Ukraine to serve the growing markets in eastern and southeastern Europe ."
positive,"Biohit and VWR have been in close cooperation for a number of years in the US , where Biohit is one of VWR 's focus suppliers ."
positive,"Recovery has been evident in the liquid handling business , particularly in areas outside Europe and primarily in North America and Asia ."
positive,28 October 2010 - Finnish wood products technology supplier Raute Oyj HEL : RUTAV said today it swung to a net profit of EUR3m for the first nine months of 2010 versus a net loss of EUR5 .2 m for the same period a year earlier .
positive,"Kai Tulonen , Chief Technology Officer , SysOpen Digia says : `` Mobility Business Suite represents a significant milestone in the company 's offering to the telecommunications industry ."
positive,"Compared with the FTSE 100 index , which rose 28.3 points or 0.5 % on the day , this was a relative price change of 2.3 % ."
positive,`` The lowering of prices by us and by our competitors shows that the real estate market has stabilised and returned into balance and apartments are acquiring a fair price in the eyes of our clients .
positive,LONDON MarketWatch -- Nokia nok said it 's won a five-year services contract to run Hutchison Essar 's network operations in nine locations in India .
positive,"Revenue in July to September grew 14 percent to ( EURO ) 467 million from a year earlier , the company said Thursday ."
positive,"The 250 sq m 2,691 sq ft store in Copenhagen 's premier shopping district was inaugurated today , further strengthening the company 's presence in Nordic capitals ."
positive,"`` BasWare 's product sales grew strongly in the financial period , by 24 percent ."
positive,"Under the terms of the off-take agreement with Talvivaara , Cameco will provide an up-front investment , to a maximum of $ 60 million , to cover the construction cost of the uranium extraction circuit ."
positive,"So far , Mr. Galvan he has been able to avoid laying off workers ."
positive,Finnish food company Raisio Oyj HEL : RAIVV said today it will buy British snacks and confectionery company Big Bear Group plc for an enterprise value of EUR 95.3 million USD 129.9 m .
positive,"At a press conference , Lattelecom board chairman Nils Melngailis explained that Blackstone had been chosen for its experience in the IT sector as well as its financial strength ."
positive,Brazilian mobile player Telemig Celular yesterday announced that it has selected Finnish software developer Tecnomen Oyj to expand its prepaid billing system .
positive,"MANAVIGATOR-September 7 , 2010-Kemira unveils Indian JV with IVRCL Finnish chemicals group Kemira ( HEL : KRA1V ) on Tuesday announced it has inked a deal to form a joint venture in India with local construction firm IVRCL Infrastructure and Projects Ltd ( BOM :530773 ) ."
positive,EuroChem Head of Corporate Finance Alexander Gavrilov said : `` I am pleased that we have once again confirmed that EuroChem is able to attract long-term funds at attractive rates .
positive,Ruukki 's order book at the end of 2010 was 30 % up year-on-year and 10 % up quarter-on-quarter .
positive,Finnish fibers and plastic products maker Suominen Corporation said its net loss narrowed to 1.6 mln euro $ 2.0 mln in the first nine months of 2006 from 2.16 mln euro $ 2.7 mln in the same period of 2005 .
positive,"The OMX Nordic 40 ( OMXN40 ) index , comprising the 40 most traded Nordic stocks on the Nasdaq OMX exchange , closed up 1.29 % at 1,084.47 points on Friday ."
positive,Panostaja Oyj s ( Panostaja ) Board of Directors decided on 16 December 2010 on a new long-term incentive and commitment plan for members of the management team .
positive,Finnish operator Elisa and Aker Yards have signed a long-term service deal through which Elisa will deliver all necessary voice and data services for Aker Yards in Finland .
positive,"In the fourth quarter of 2009 , Atria 's net loss shrank to EUR 1.2 million from EUR 5.9 million and net sales contracted to EUR 340.4 million from EUR 361.1 million ."
positive,The borrower was happy to do the roadshow and this paid off as the hit ratio from it was high .
positive,"Instead , Elcoteq has signed a non-binding Letter of Intent with another Asian strategic investor ."
positive,"Under the agreement GeoSentric will provide GyPSii-powered hotel information and reservation services to visitors to China , including such popular cities as Beijing and Shanghai ."
positive,The growth of net sales has continued favourably in the Middle East and Africaand in Asia Pacific .
positive,Strand Associates is expanding its Madison corporate headquarters with space to add about 100 employees to the engineering firm .
positive,"The original name Componenta +_m+_l , as a subsidiary of the Finnish Componenta Group , has been changed to +_m+_l Components and the company has seen a 63 % growth in Q1 2010 , in comparison to Q1 2009 ."
positive,"Adanac Molybdenum of Canada has ordered grinding technology for its molybdenum project in British Columbia , Canada , while Shalkiya Zinc of Kazakhstan has awarded a contract for grinding technology for the Shalkiya zinc-lead project in Kazakhstan ."
positive,"Finnish silicon wafer technology company Okmetic Oyj ( OMX Helsinki : OKM1V ) reported on Thursday ( 7 August ) an operating profit of EUR5 .3 m for the period January-June 2008 , up from EUR3 .3 m in the corresponding period in 2007 ."
positive,Metso will supply the equipment for two process lines at Northland Resources ' new Kaunisvaara iron ore project in Sweden which exploits Tapuli and Sahavaara iron ore deposits .
positive,"Equity ratio was 60.9 % compared to 54.2 % In the third quarter of 2007 , net sales of the Frozen Foods Business totaled EUR 11.0 , up by about 5 % from the third quarter of 2006 ."
positive,"` The stable outlook reflects Nokia 's strong market position in the global mobile handset market , strong cash flow generation , and very conservative balance sheet , ' said Raab ."
positive,"is planning to expand its product portfolio in the harbor segment , chief executive Pekka Lundmark told Financial Times Deutschland ."
positive,Operating profit improved by 39.9 % to EUR 18.0 mn from EUR12 .8 mn .
positive,"`` We are happy to be working with Rapala to encourage boaters and anglers to introduce newcomers to the sport , '' said RBFF President & CEO Frank Peterson ."
positive,"ST. PETERSBURG , Oct 14 ( PRIME-TASS ) -- Finnish tire producer Nokian Tyres plans to invest about 50 million euros in the expansion of its tire plant in the city of Vsevolozhsk in Russia 's Leningrad Region in 2011 , the company 's President Kim Gran told reporters Thursday ."
positive,Technical indicators for the stock are bullish and S&P gives NOK a positive 4 STARS out of 5 buy ranking .
positive,"H+_kan Dahlstr+¦m , head of mobility services at TeliaSonera , has forecast that mobile data volume on the TeliaSonera network in Sweden will rise eight-fold to 200,000 TB by 2014 ."
positive,Net sales revenue per passenger is expected to increase .
positive,"Iggesunds Bruk in Sweden is one of the most advanced , fully integrated pulp and paperboard mills in the world ."
positive,"According to Finnish Metso Minerals , the value of the company 's orders has gone up to EUR 1.9 bn in 12 months ."
positive,"( ADP News ) - Finnish handling systems provider Cargotec Oyj ( HEL : CGCBV ) announced on Friday it won orders worth EUR 10 million ( USD 13.2 m ) to deliver linkspans to Jordan , Morocco and Ireland ."
positive,"The 50-50 joint venture , to be called Nokia Siemens Networks , will be comprised of Nokia 's network business group and Siemens ' carrier-related operations , creating estimated synergies of 1.5 billion euros ( $ 1.9 billion ) by 2010 , Nokia said ."
positive,"Following the acquisition , Relacom will strengthen its presence in Finland , serving operators and office market with mobile and fixed networks construction , installation and maintenance services ."
positive,"The fair value of the property portfolio doubled as a result of the Kapiteeli acquisition and totalled EUR 2,686.2 1,259.7 million ."
positive,It therefore seems that Finnish shipping company Viking Line will get the subsidy it needs to order its new LNG-fuelled vessel .
positive,"` This is a repeat order to follow successfully installed 159 elevators in the same Delhi metro system , ' Kone spokeswoman told Thomson Financial News ."
positive,Revenue grew 1 percent to euro742 .2 million US$ 964 million from euro735 million .
positive,"HK Ruokatalo now accounts for about 50 % of poultry sales in Finland , and profitability is at a good level ."
positive,"Kesko Agro Eesti , the retailer and wholesaler of grain , agricultural and warehousing machinery and accessories , had net sales of 81 million euros in 2007 , an increase by one-tenth over the preceding year ."
positive,"The launch of the plant in June went well , and it has been producing the advanced fuel for a couple of weeks ."
positive,"In the fourth quarter of 2009 , Orion 's net profit went up by 33.8 % year-on-year to EUR33m ."
positive,"Satama 's net profit for the third quarter of 2007 rose to 275,000 euro ( $ 395,000 ) from 270,000 euro ( $ 388,000 ) for the same period of 2006 ."
positive,The company said it observed a current stabilisation in prices and there is potential for higher prices for deliveries in the first quarter of 2011 .
positive,Operating profit rose to EUR 3.11 mn from EUR 1.22 mn in the corresponding period in 2009 .
positive,"Operating profit totaled EUR 37,7 mn , up slightly from EUR 37.2 mn in the corresponding period in 2006 ."
positive,"We also strengthen our existing partnership with Cybercom '' , says Teleste CTO Esko Myllyla ."
positive,"`` We are very pleased to be working with Fujitsu and NTT DoCoMo to advance the progress of LTE , '' said Juergen Walter , Head of Converged Core , Nokia Siemens Networks ."
positive,"It provides customers with industry-leading elevators , escalators and innovative solutions for maintenance and modernization ."
positive,"This truly takes efficiency to new heights , '' Mr. Metso adds ."
positive,"The transaction doubles Tecnomens workforse , and adds a fourth to their net sales ."
positive,"Helsingin Uutiset , Vantaan Sanomat and Lansivayla reach some 385,000 readers , or more than 40 % of the consumers in the greater Helsinki region ."
positive,"Both operating profit and net sales for the 12-month period increased , respectively from EUR10 .5 m and EUR28 .8 m , as compared to the financial year 2004 ."
positive,Incap and Lankapaja aim to enter into actual agreement to transfer the sheet-metal production to the buyer in February in order to complete the transfer on 1 March 2011 .
positive,"Finnish construction company YIT Oyj said on November 13 , 2007 it won a 70 mln euro $ 102.8 mln contract to construct the new office building for local property company Tapiola Real Estate Oy ."
positive,"A purchase agreement for 7,200 tons of gasoline with delivery at the Hamina terminal , Finland , was signed with Neste Oil OYj at the average Platts index for this September plus eight US dollars per month ."
positive,It will combine and renew the contents and functionality of the current systems for funding and online service as well as their maintenance .
positive,"The production capacity can be tripled without any major additional investments , the company said ."
positive,"Lead production , in turn , should increase to 60,000 tonnes through 2009 in what would be a twofold increase from current capacity levels , Zahariev said ."
positive,Earnings per share EPS rose to EUR 0.11 from EUR 0.03 .
positive,"The earnings per share for the quarter came in at 0.25 eur , up from the 0.20 eur of the same quarter a year earlier ."
positive,"Upgrades include a five megapixel camera , voice control , and what looks to be an optical mouse instead a D-pad -- an upgrade click-happy S60 has needed forever ."
positive,"The fair value of investment properties totalled EUR 2,299.9 mn , compared to EUR 2,229.5 mn in the corresponding period in 2009 ."
positive,"( ADP News ) - Feb 6 , 2009 - Finnish fishing tackle company Rapala VMC Corp ( HEL : RAP1V ) said today its net profit rose to EUR 19.2 million ( USD 24.6 m ) for 2008 from EUR 17.5 million for 2007 ."
positive,`` Residentialconstruction in particular has picked up in several markets .
positive,"` Ruukki has experience of logistics construction , competence in project management and also has the best references in terms of steel frame production and installation , ' says Onodi Stefan , General Manager of Arxikon Construction Company SRL , which is Ruukki 's customer ."
positive,"By acquiring RCP , we can combine our strong knowhow with the expertise of a solid local company ."
positive,16 February 2011 - Finnish industrial machinery company Metso Oyj ( HEL : MEO1V ) said today it will deliver minerals processing equipment and basic engineering to Canadian miner Northland Resources ( OSL : NAUR ) ( TSE : NAU ) .
positive,"Digia said its consolidated net sales for January-June 2010 were EUR67 .8 m , up 9.7 % on the same period in 2009 ( EUR61 .9 m ) ."
positive,"Tieto was looking for an energy solution which would best support the idea of sustainable development , and we were happy to be able to provide such a solution , saysJouni Haikarainen , Vice President , Fortum ."
positive,Marimekko Group 's full-year net sales are estimated to increase by about 10 % .
positive,Production will expand to other of Elcoteq 's locations including Mexico and Hungary during 2010 .
positive,"This is Done Logistics ' largest order in Norway , the diversified group said ."
positive,Orders received grew by 55 % year-on-year to EUR732m .
positive,Sports equipment sales also progressed well owing to the prolonged winter season .
positive,The estimated synergy benefits are at least EUR7m annually .
positive,"Bilfinger investors cheered the agreement , pushing shares up 7 % , or & euro ; 3.30 , to & euro ; 50.29 , in afternoon trade ."
positive,The company will enhance the GPRS capability in the existing 12 IDEA telecom service areas and add 10 more service areas to its network .
positive,"The company has established a 3G base station at about 17,000 feet at the foot of Mount Everest that will enable mountain climbers at the 29,035-foot summit to surf the Internet and even send videos of their exploits ."
positive,The policy was also aimed at making the companies more profitable and competitive .
positive,"We are glad that our long co-operation with SODRA continues '' , comments Stig-Goran Sandberg , Affecto 's Area Manager for Baltic operations ."
positive,"Known as Post Bank , the concept would see Fidelity Bank rolling out 75 offices in Ghana Post premises , to provide financial services to the people ."
positive,Circulation revenue has increased by 5 % in Finland and 4 % in Sweden in 2008 .
positive,Componenta increased its stake in Turkish steel company Doktas Dokumculuk Ticaret ve Sanayi A.S. to 92.6 pct stake in March 2007 .
positive,Poyry is recognized as one of the world 's leading advisors to the global forestry industry .
positive,The company said it estimates to make a slight profit thanks to cost-cutting measures .
positive,"In addition , Lehdentekijat Oy will start producing a new membership magazine , Viisas Raha ( Wise Money ) for the Association ."
positive,The purpose of this action is to ensure company 's cost effectiveness this year and in the near future .
positive,"Tiimari , the Finnish retailer , reported to have geenrated quarterly revenues totalling EUR 1.3 mn in the 4th quarter 2009 , up from EUR 0.3 mn loss in 2008 ."
positive,"The company 's goal is to achieve annual savings of EUR 2 million ( USD 2.7 m ) , of which two thirds are to be realized in 2010 ."
positive,`` We 've been feeling quite positive about the region as a whole .
positive,"The OMX Nordic 40 ( OMXN40 ) index , comprising the 40 most traded Nordic stocks on the Nasdaq OMX exchange , closed up 0.43 % at 1,138.84 points on Wednesday ."
positive,"Russia 's top container shipping group , Fesco , and Finnish logistics company Nurminen Logistics have started a pilot project offering clients direct intermodal transportation service from Finland to Asia Pacific countries , Fesco said in a statement ."
positive,"Finnish construction company YIT Corporation is planning to build about 200 high-quality holiday homes near the Tahko ski and spa resort , in Finland ."
positive,We can capitalize on our experience from a number of similar bridge projects in the Nordic countries .
positive,Finnish elevators and escalators maker KONE Corporation said on Tuesday ( 18 March ) that it has received a major order from Sir Robert McAlpine to supply all elevators and escalators for the Watermark Place project in the City of London .
positive,"The adapter , awarded with the `` Certified Integration for SAP - ; NetWeaver '' endorsement , integrates Basware s invoice automation and procurement solutions with more than 200 different ERP systems ."
positive,in Q1 2010 18 May 2010 - Finnish electrical components maker Salcomp Oy ( HEL : SAL1V ) said today it turned to a net profit of EUR1 .6 m in the first quarter of 2010 versus a loss of EUR2m in the corresponding period last year .
positive,"29 September , 2010 Finnish waste management and recycling company Lassila & Tikanoja expands its operations in Russia by introducing its recently completed recycling plant in the city of Dubna near Moscow ."
positive,Our standardised services have met with a positive reception among our customers as well as at Itella .
positive,"Mika Stahlberg , VP F-Secure Labs , said , `` We are excited and proud that F-Secure has been recognized by AV-Comparatives as the Product of the Year ."
positive,The expansion includes the doubling of the floor space and the addition of more lifting capacity and production equipment .
positive,"Finnish telecoms software developer Tecnomen Oyj said on December 5 , 2006 it won a $ 3.3 mln ( 2.5 mln euro ) order to supply an expansion of the charging and messaging systems for the mobile and fixed networks of Brasil Telecom ."
positive,It will also strengthen Ruukki 's offshore business .
positive,Metso said it has won an order worth around 40 mln eur to supply a kraftliner board machine to China 's Lee & Man Paper Co. .
positive,Raute Corporation has received orders worth over EUR 12 million from OOO Ilim Bratsk DOK in Russia .
positive,These moderate but significant changes resulted in a significant 24-32 % reduction in the estimated CVD risk .
positive,Finnish messaging solutions developer Tecnomen Corporation ( OMX Helsinki : TEM1V ) said on Thursday ( 11 December ) that it has received an expansion order for its Convergent Charging solution in Latin America .
positive,"Significance : Teleste has emphasised that with its large size and growing economy , as well as the rapid development of its TV services distribution industry , Poland is viewed as an attractive market ."
positive,The training modules aim at strengthening the public accounting abilities and fulfilling communal project management .
positive,Operating profit rose to EUR 13.1 mn from EUR 8.7 mn in the corresponding period in 2007 representing 7.7 % of net sales .
positive,The Department Store Division reported an increase in sales of 4 per cent .
positive,Operating profit rose to 22.1 mln eur from 19.9 mln .
positive,"Sales improved to SEK 1,553 mn , compared with SEK 1,408 mn ."
positive,"Vaisala also said it expects net sales of EUR 253.2 million for 2010 , compared with EUR 252.2 million recorded in 2009 ."
positive,Cargo volume increased by approximately 5 % .
positive,"As a result , the distribution companies will start to distribute , in addition to their current product offering , Shimano reels , rods and other Shimano fishing tackle products on an exclusive basis ."
positive,With this acquisition Panostaja Oyj further expands its business area specialising in digital printing .
positive,Profit for the period was EUR 15.6 mn compared to EUR 14.1 mn in 2007 .
positive,"Juha Jordan , chief engineer at Glaston , said one of the reasons for choosing Vacon as a global AC drives supplier is that it has service and support centres in the same countries where Glaston operates ."
positive,Finland 's Poyry Energy has won a contract to advise builders of a new cogeneration power plant in Lithuania 's second-biggest city of Kaunas and to supervise the construction process .
positive,The aim is an annual improvement in Ruukki Construction 's operating profit of more than EUR 3 million USD 4.1 m starting in 2009 .
positive,It will focus on improving its profitability next year by streamlining operations .
positive,"Both operating profit and net sales for the 12-month period increased , respectively from EUR20 .8 m and EUR177 .7 m , as compared to the financial year 2004 ."
positive,"MD Henning Bahr of Stockmann Gruppen praises the trend , since the chains become stronger and their decision-making processes more clear ."
positive,"According to Viking Line 's Managing Director , Nils-Erik Eklund , the company 's Board of Directors is very satisfied with Viking Line 's performance ."
positive,"EPS for the quarter was EUR0 .00 , as compared with EUR0 .01 in the third quarter of 2008 , representing a Group net sales for the third quarter were EUR15 .3 m , up by 2.8 % as compared with EUR14 .9 m in the third quarter of 2008 ."
positive,"Aspo Plc STOCK EXCHANGE RELEASE February 11 , 2011 at8 .45 a.m. ESL Shipping Ltd , part of Aspo Group , has signed a new , long-term contract with Rautaruukki Corporation for the marine transport of raw materials on the Baltic Sea ."
positive,The Group 's cash flow from operations will be positive .
positive,"ADPnews - Jun 30 , 2009 - Finnish stainless steel maker Outokumpu Oyj HEL : OUT1V said yesterday it signed a three-year EUR 900 million USD 1.3 bn revolving credit facility ."
positive,"London 's leading shares today jumped almost 100 points , or 1.7 % , as the market opened ."
positive,Operating profit excluding non-recurring items increased by 27 % to EUR 81.9 mn from EUR 64.4 mn in the corresponding period in 2008 .
positive,It is now the leading private road ambulance service company in Finland .
positive,"mn , and pretax profit to EUR 46.4 mn from EUR 35.8 mn in the third quarter of 2006 ."
positive,"In its financial report , published on Friday , SEB said its net profit soared to SEK6 .745 bn in 2010 from a year-earlier SEK1 .114 bn and proposed a 50 % dividend increase to SEK1 .50 per share ."
positive,"At the end of the review period , Nordic Aluminium 's order book stood at EUR 8.77 mn compared to EUR 7.04 in 2005 ."
positive,Incap Contract Manufacturing Services Private Limited has inked agreements with six new customers in India .
positive,"HELSINKI ( AFX ) - Nokian Tyres reported a fourth quarter pretax profit of 61.5 mln eur , up from 48.6 mln on the back of strong sales ."
positive,"`` Several growth initiatives in the chosen geographic areas are already ongoing , '' it continued , noting Lindex opened its first store in the Czech Republic this autumn in Brno ."
positive,"Finnish steel maker Rautaruukki Oyj ( Ruukki ) said on July 7 , 2008 that it won a 9.0 mln euro ( $ 14.1 mln ) contract to supply and install steel superstructures for Partihallsforbindelsen bridge project in Gothenburg , western Sweden ."
positive,"The Lithuanian beer market made up 14.41 million liters in January , a rise of 0.8 percent from the year-earlier figure , the Lithuanian Brewers ' Association reporting citing the results from its members ."
positive,Net cash flow from operations is expected to remain positive .
positive,Actions to improve operational efficiency and adjust operations are expected to deliver annualised permanent cost savings of around EUR 4.5 million and will be effected mostly during the first half of 2010 .
positive,"Commission income increased by 22 % to EUR 4.4 mn , and lending volume rose by 13.5 % ."
positive,"Russian export duties will activate harvesting in Finland , and sales in Russia will increase also ."
positive,"The three year turn-around program is expected to ensure Salomon 's future competitiveness , the company said ."
positive,The company is well positioned in Brazil and Uruguay .
positive,"`` We reached agreement with the union that flights will continue as normal , '' Finnair spokesman Usko Maatta said ."
positive,Stora Enso owns 43 percent of Bergvik and earns therefore SEK 1.5 bn on the value appreciation .
positive,"Finnish construction group YIT has been awarded a contract to install heating , air conditioning and cooling systems to the new head office of the automobile association ADAC in Munich in Germany ."
positive,This assignment strengthens Poyry 's position as an international provider of engineering and project services to the chemical process industry .
positive,"The broker highlights Cargotec as its preferred stock in the sector , as it is a pure play on global cargo and container handling , and it expects it to play an active role in further consolidating the industry ."
positive,"The previously concluded adaptation measures , concerning other staff , were adequate for the time being , and the planning operations continue as before at the plant , the company said ."
positive,The layoffs were aimed at reaching an annual savings target of 1.5 billion euros $ 2 billion by the end of 2010 .
positive,"LONDON AFX - Shares in Rautaruukki Corp have been upgraded to ` hold ' from ` sell ' by ABN Amro , with the price target raised to 25.75 eur from 14.5 , said dealers ."
